origin_airport_id,month,avg_monthly_pas
10135,1,1985.0
10140,1,9861.0
10158,1,2828.0
10165,1,159.0
10194,1,0.0
10247,1,21.0
10257,1,12385.0
10268,1,1659.0
10279,1,2488.5
10299,1,11212.0
10304,1,349.0
10397,1,207639.0
10408,1,1418.5
10411,1,8255.0
10423,1,32601.5
10431,1,6971.5
10434,1,297.0
10466,1,1259.0
10517,1,4279.0
10529,1,18974.0
10540,1,46.0
10559,1,142.0
10561,1,1219.0
10562,1,0.0
10575,1,1719.5
10577,1,2020.0
10581,1,899.0
10590,1,699.0
10599,1,7444.0
10620,1,6308.0
10627,1,1398.0
10654,1,164.0
10666,1,1978.0
10685,1,739.0
10693,1,33331.5
10713,1,20467.0
10717,1,661.0
10721,1,114307.0
10732,1,2844.0
10744,1,251.0
10747,1,133.5
10754,1,296.5
10775,1,133.0
10781,1,12497.0
10785,1,9466.5
10792,1,12804.0
10800,1,5164.0
10821,1,56919.5
10846,1,470.0
10849,1,10035.5
10868,1,1683.5
10874,1,13.0
10917,1,159.0
10920,1,4486.0
10970,1,0.0
10980,1,2290.0
10990,1,3043.0
10994,1,21283.0
10996,1,26.0
11003,1,6364.0
11028,1,34.0
11032,1,33146.5
11042,1,27477.0
11057,1,109104.5
11066,1,13325.0
11097,1,1793.0
11109,1,1541.5
11118,1,5124.0
11140,1,2767.0
11164,1,1939.5
11170,1,454.0
11193,1,13362.0
11197,1,343.0
11259,1,25564.0
11278,1,43005.0
11292,1,175723.0
11298,1,197259.5
11336,1,1868.0
11337,1,2339.0
11413,1,4391.0
11423,1,5938.5
11433,1,108812.5
11445,1,1474.0
11471,1,1584.0
11492,1,53.0
11495,1,0.0
11503,1,6939.5
11537,1,0.0
11540,1,12334.0
11555,1,829.0
11588,1,291.0
11603,1,2725.0
11618,1,94693.5
11624,1,656.5
11630,1,1669.5
11637,1,185.5
11638,1,2558.0
11641,1,973.5
11648,1,2111.0
11651,1,7085.0
11697,1,119141.5
11699,1,2888.0
11721,1,1623.0
11760,1,62440.5
11775,1,2794.5
11778,1,2918.0
11868,1,5534.5
11871,1,0.0
11874,1,1241.0
11884,1,9860.0
11898,1,2749.0
11921,1,2463.5
11953,1,793.5
11966,1,5.0
11973,1,3149.0
11977,1,168.5
11982,1,211.0
11986,1,12129.5
11995,1,5475.5
11996,1,8052.0
12003,1,590.0
12010,1,15590.0
12016,1,10182.5
12073,1,7621.5
12094,1,2861.5
12143,1,2903.5
12156,1,2702.0
12173,1,62155.5
12180,1,2558.0
12191,1,24430.5
12197,1,2529.5
12206,1,3200.0
12217,1,3568.5
12264,1,37246.0
12266,1,155988.0
12277,1,26910.0
12278,1,7122.0
12280,1,2919.0
12323,1,1524.5
12335,1,762.0
12339,1,34704.5
12391,1,715.0
12397,1,1171.5
12402,1,0.0
12441,1,6933.0
12451,1,6818.5
12478,1,191323.0
12544,1,2975.5
12598,1,0.0
12651,1,4.0
12693,1,5535.0
12709,1,0.0
12719,1,405.0
12758,1,9775.0
12769,1,94.0
12878,1,17.0
12884,1,901.5
12889,1,98661.0
12892,1,276522.5
12896,1,1622.5
12899,1,149.0
12917,1,705.5
12945,1,774.0
12951,1,2184.0
12953,1,66470.5
12954,1,17659.5
12972,1,62094.5
12982,1,10240.0
12986,1,9590.0
12990,1,3765.5
12992,1,4806.0
13029,1,409.0
13034,1,1927.0
13061,1,490.0
13076,1,165.0
13095,1,1709.0
13121,1,126.0
13139,1,3444.0
13158,1,3072.5
13180,1,5048.0
13184,1,1080.5
13194,1,184.0
13196,1,52.0
13198,1,38984.5
13203,1,160.0
13204,1,133026.0
13230,1,2695.0
13232,1,44260.5
13241,1,2069.0
13244,1,3806.5
13252,1,48258.0
13256,1,5019.0
13264,1,6806.0
13269,1,13509.0
13296,1,5483.0
13303,1,146916.5
13306,1,0.0
13342,1,28262.0
13344,1,389.5
13347,1,143.0
13367,1,2085.5
13377,1,3411.0
13398,1,1.5
13422,1,1126.0
13433,1,679.5
13459,1,532.5
13476,1,526.0
13485,1,9947.0
13486,1,10867.0
13487,1,131234.0
13495,1,36802.0
13501,1,1.0
13502,1,1934.0
13518,1,44989.0
13577,1,3988.0
13605,1,7135.0
13625,1,3.0
13654,1,267.0
13655,1,4.0
13710,1,23.0
13744,1,30919.5
13767,1,260.0
13768,1,111.0
13770,1,178.0
13795,1,5474.0
13796,1,12125.0
13830,1,57115.5
13851,1,14880.0
13871,1,13389.0
13873,1,363.5
13891,1,14342.5
13898,1,51.5
13930,1,217402.5
13931,1,12762.5
13933,1,1.0
13970,1,482.5
13983,1,286.5
14004,1,0.0
14012,1,8518.5
14025,1,528.0
14027,1,46312.5
14050,1,0.0
14057,1,37209.0
14066,1,21705.5
14081,1,184.0
14082,1,2.0
14098,1,31.0
14100,1,77141.5
14107,1,135116.5
14108,1,2144.0
14109,1,1075.0
14112,1,8451.5
14113,1,0.0
14122,1,37516.0
14150,1,0.0
14153,1,5185.0
14193,1,948.0
14210,1,1623.0
14222,1,0.0
14231,1,781.0
14234,1,32.0
14252,1,1518.0
14254,1,2827.5
14259,1,351.0
14262,1,7732.0
14282,1,55.0
14286,1,30738.5
14293,1,12531.5
14307,1,2539.0
14309,1,22555.0
14312,1,9874.5
14320,1,1.0
14321,1,4867.5
14424,1,0.0
14457,1,2973.0
14474,1,56.0
14485,1,24.0
14492,1,25176.0
14520,1,1810.0
14524,1,11240.0
14543,1,1429.0
14570,1,11664.0
14576,1,798.0
14583,1,0.0
14633,1,596.0
14635,1,32888.0
14679,1,76419.0
14681,1,2989.5
14683,1,20593.0
14689,1,3412.0
14696,1,4461.0
14709,1,1413.0
14711,1,2203.0
14716,1,0.0
14717,1,36600.0
14718,1,79.0
14722,1,973.0
14730,1,10494.0
14738,1,253.0
14739,1,4562.0
14745,1,699.0
14747,1,110161.5
14761,1,5460.0
14771,1,132949.0
14783,1,2765.0
14794,1,5890.0
14804,1,121.0
14805,1,213.0
14814,1,2378.5
14831,1,31501.5
14832,1,13122.0
14838,1,563.0
14843,1,13220.5
14853,1,0.0
14869,1,94938.5
14893,1,59734.5
14905,1,1203.0
14908,1,24936.0
14919,1,264.0
14924,1,4422.0
14952,1,120.0
14960,1,130.0
14986,1,8431.5
15013,1,13059.0
15016,1,76252.0
15018,1,0.0
15022,1,4203.0
15023,1,1225.0
15024,1,1564.0
15048,1,133.0
15070,1,2011.5
15084,1,3930.5
15096,1,3662.0
15124,1,7.0
15129,1,0.0
15153,1,46.0
15167,1,65.0
15249,1,106.0
15293,1,0.0
15295,1,60.0
15304,1,85340.0
15306,1,0.0
15323,1,693.0
15370,1,12124.0
15376,1,15406.0
15380,1,635.0
15412,1,10042.0
15455,1,0.0
15478,1,0.0
15497,1,153.0
15504,1,2.0
15513,1,0.0
15554,1,0.0
15567,1,0.0
15570,1,5.5
15581,1,0.0
15607,1,3204.0
15618,1,19.5
15624,1,10798.5
15798,1,45.0
15919,1,2549.5
15994,1,79.0
16023,1,2.0
16042,1,2654.0
16217,1,4027.0
16218,1,4210.0
16229,1,23945.0
16252,1,1.0
16257,1,9333.5
16271,1,42481.0
16293,1,265.0
16353,1,2.0
16477,1,0.0
16555,1,1.0
16588,1,14.0
16793,1,2.0
10135,2,796.0
10140,2,15511.0
10146,2,29.5
10155,2,527.5
10185,2,52.0
10194,2,0.0
10208,2,4744.0
10257,2,6813.0
10292,2,24410.5
10299,2,138.0
10312,2,306.0
10338,2,102.0
10357,2,13354.0
10372,2,4855.0
10397,2,239013.0
10408,2,6936.0
10411,2,6520.0
10416,2,53.0
10423,2,46322.0
10431,2,1305.0
10434,2,64.5
10466,2,10602.0
10469,2,746.0
10482,2,656.0
10517,2,6774.0
10521,2,2628.0
10529,2,21167.0
10551,2,549.5
10561,2,3876.0
10562,2,0.0
10581,2,1135.0
10590,2,690.0
10599,2,8684.0
10620,2,4457.5
10631,2,1292.5
10647,2,767.0
10661,2,69.0
10685,2,0.0
10693,2,50469.5
10711,2,7533.5
10713,2,11142.5
10721,2,79850.5
10732,2,2038.0
10747,2,4097.0
10752,2,3556.0
10785,2,2450.0
10792,2,6658.5
10821,2,125658.0
10846,2,3231.0
10849,2,1733.0
10868,2,6641.0
10874,2,2289.5
10926,2,235.0
10980,2,3481.0
10990,2,293.0
11003,2,4027.0
11032,2,35015.0
11042,2,22015.0
11049,2,2113.0
11057,2,95282.5
11066,2,18223.0
11067,2,1477.0
11076,2,1368.0
11109,2,2148.5
11111,2,904.0
11123,2,0.0
11146,2,0.0
11150,2,23.5
11164,2,1247.0
11185,2,0.0
11187,2,1687.0
11193,2,23369.0
11203,2,2479.0
11216,2,134.0
11244,2,391.0
11259,2,23323.0
11267,2,2116.0
11274,2,2691.0
11278,2,40574.5
11288,2,105.0
11292,2,179275.0
11298,2,259953.5
11336,2,134.0
11391,2,0.0
11413,2,1570.0
11423,2,5597.5
11433,2,59099.0
11435,2,4344.0
11444,2,7632.0
11445,2,104.0
11481,2,906.0
11488,2,2561.0
11490,2,19.0
11492,2,25.5
11503,2,13065.0
11534,2,1104.0
11540,2,7033.5
11563,2,2450.0
11603,2,9293.0
11612,2,31.0
11615,2,223.0
11617,2,2591.5
11618,2,105602.5
11624,2,924.0
11625,2,7870.5
11637,2,22.5
11638,2,7944.0
11641,2,832.0
11648,2,542.0
11654,2,5036.0
11695,2,2519.0
11697,2,128977.0
11711,2,0.0
11726,2,388.5
11731,2,3101.0
11762,2,278.0
11775,2,2646.0
11823,2,1500.0
11834,2,38.0
11868,2,52.0
11871,2,0.0
11874,2,976.5
11884,2,18939.0
11921,2,1475.5
11950,2,485.0
11953,2,1197.5
11966,2,5.0
11973,2,80.0
11982,2,43.5
11986,2,10059.0
11988,2,6617.5
11995,2,11063.5
11996,2,2684.5
12003,2,2327.0
12007,2,0.0
12010,2,2469.0
12012,2,1415.0
12016,2,1998.0
12018,2,0.0
12021,2,0.0
12055,2,0.0
12073,2,3428.0
12094,2,946.0
12132,2,0.0
12143,2,7979.0
12173,2,17276.5
12177,2,101.0
12180,2,176.0
12184,2,374.0
12191,2,49820.5
12197,2,9562.5
12206,2,1555.5
12217,2,16.0
12250,2,52.0
12264,2,40903.5
12266,2,83625.0
12268,2,199.0
12277,2,96.0
12278,2,1768.0
12323,2,207.0
12339,2,19224.0
12391,2,4272.0
12441,2,2308.0
12448,2,61.0
12451,2,23905.5
12478,2,133584.5
12523,2,585.5
12544,2,3308.0
12610,2,18.0
12651,2,8912.5
12676,2,25.0
12693,2,9324.0
12699,2,2649.0
12704,2,187.0
12708,2,278.0
12709,2,16.5
12728,2,576.0
12758,2,8460.5
12819,2,1922.0
12822,2,134.0
12878,2,106.0
12884,2,267.5
12889,2,140289.5
12891,2,1303.5
12892,2,178696.5
12896,2,7066.0
12898,2,2067.5
12917,2,0.0
12945,2,3705.5
12951,2,2458.0
12953,2,72266.5
12972,2,28486.5
12982,2,2458.5
12986,2,1099.5
12987,2,1.0
12990,2,6465.5
12992,2,1579.5
13002,2,96.0
13029,2,143.5
13061,2,1362.5
13068,2,865.0
13076,2,146.0
13094,2,1.0
13095,2,785.5
13105,2,2102.0
13127,2,136.0
13156,2,16353.0
13158,2,151.0
13162,2,0.0
13180,2,3329.0
13198,2,27128.5
13204,2,110400.0
13218,2,342.5
13230,2,848.5
13232,2,36376.0
13244,2,15999.5
13252,2,7118.0
13256,2,0.0
13264,2,65.5
13269,2,5993.0
13289,2,670.5
13290,2,2389.0
13295,2,0.0
13296,2,3312.5
13303,2,130082.5
13306,2,593.5
13342,2,29629.0
13367,2,584.0
13370,2,1528.0
13398,2,369.0
13408,2,1613.0
13422,2,857.0
13433,2,52.0
13461,2,17.0
13476,2,4582.0
13485,2,4976.5
13486,2,65.0
13487,2,75768.0
13495,2,15504.0
13501,2,0.5
13502,2,1581.0
13514,2,0.0
13518,2,19947.5
13540,2,0.0
13546,2,0.0
13577,2,0.0
13602,2,7256.0
13605,2,6160.5
13625,2,2.0
13694,2,1189.0
13744,2,46863.0
13771,2,9.0
13785,2,0.0
13795,2,2639.0
13796,2,27273.0
13830,2,14039.5
13851,2,15342.0
13862,2,0.0
13871,2,9943.5
13873,2,251.5
13890,2,0.0
13891,2,17372.0
13930,2,151147.0
13935,2,717.0
13936,2,2.0
13964,2,0.0
13970,2,0.0
14012,2,402.0
14022,2,776.0
14027,2,24031.0
14050,2,163.0
14054,2,0.0
14057,2,45819.5
14098,2,1285.0
14100,2,66535.5
14107,2,181903.0
14108,2,609.0
14112,2,4021.5
14122,2,15095.5
14186,2,0.0
14193,2,2296.5
14210,2,4227.0
14222,2,1309.0
14252,2,4512.5
14262,2,8982.0
14275,2,65.5
14278,2,6371.0
14286,2,5889.0
14293,2,4253.5
14307,2,18892.5
14309,2,8949.5
14312,2,5038.0
14314,2,4103.0
14320,2,1.0
14321,2,3521.0
14457,2,2189.0
14485,2,648.0
14487,2,0.0
14492,2,21061.0
14512,2,849.0
14524,2,21827.0
14570,2,10336.0
14574,2,5179.0
14576,2,5521.0
14583,2,1491.0
14588,2,0.0
14635,2,52515.0
14677,2,7886.5
14679,2,91606.5
14681,2,2213.0
14683,2,43422.5
14685,2,2172.0
14689,2,4816.0
14696,2,681.0
14709,2,405.0
14730,2,17015.0
14739,2,24114.0
14747,2,140539.5
14761,2,10110.5
14771,2,143329.0
14783,2,5837.5
14814,2,2364.5
14819,2,444.0
14828,2,2477.0
14831,2,39098.0
14832,2,12159.5
14838,2,1660.0
14842,2,878.0
14843,2,24029.5
14869,2,92851.0
14871,2,0.0
14884,2,15.0
14886,2,0.0
14893,2,30423.5
14908,2,21666.0
14918,2,774.0
14924,2,1402.0
14952,2,2159.0
14955,2,4168.0
14986,2,6839.5
15008,2,2375.0
15013,2,16248.0
15016,2,43929.0
15024,2,1391.0
15027,2,460.5
15041,2,0.0
15051,2,205.5
15070,2,5239.5
15084,2,222.5
15092,2,17197.5
15096,2,4504.0
15138,2,632.0
15167,2,9.5
15237,2,0.0
15246,2,0.0
15249,2,501.5
15258,2,4479.0
15295,2,1063.0
15304,2,66581.0
15323,2,4250.0
15356,2,623.5
15370,2,2565.0
15376,2,11528.5
15380,2,1647.5
15389,2,689.0
15401,2,1641.0
15412,2,2509.5
15513,2,896.0
15626,2,1062.5
15650,2,0.0
15919,2,3623.0
16042,2,3686.0
16078,2,0.0
16088,2,4.0
16091,2,46.5
16115,2,4713.0
16217,2,35293.0
16218,2,6377.0
16229,2,25955.0
16232,2,73.0
16233,2,5.0
16257,2,9139.0
16263,2,0.0
16271,2,29255.5
16304,2,1445.0
16321,2,2059.0
16477,2,2920.5
10139,3,98.5
10140,3,4972.0
10150,3,3591.0
10154,3,15.0
10155,3,0.0
10158,3,6407.5
10170,3,0.0
10185,3,1970.5
10204,3,168.0
10208,3,3759.0
10241,3,0.0
10247,3,0.0
10257,3,12033.0
10292,3,21265.0
10299,3,7017.5
10312,3,1743.0
10333,3,0.0
10396,3,225.0
10397,3,449126.0
10405,3,79.0
10408,3,6406.0
10409,3,35.0
10411,3,9615.0
10416,3,83.0
10423,3,34444.0
10434,3,1670.0
10444,3,2.5
10478,3,2.0
10504,3,1.0
10519,3,6.0
10529,3,18298.0
10535,3,2.0
10540,3,31.0
10551,3,1562.5
10558,3,0.0
10559,3,0.0
10561,3,529.0
10568,3,301.0
10575,3,3.0
10581,3,2921.0
10599,3,13900.0
10620,3,2891.5
10631,3,0.0
10638,3,7024.0
10654,3,0.0
10676,3,457.0
10685,3,1607.0
10693,3,52822.0
10713,3,15091.0
10716,3,7523.0
10717,3,975.0
10721,3,100793.0
10728,3,319.0
10732,3,2397.5
10747,3,0.0
10781,3,2113.5
10785,3,2160.0
10792,3,13383.5
10800,3,4178.5
10819,3,0.0
10821,3,64061.0
10846,3,2389.0
10849,3,3473.5
10868,3,2496.0
10874,3,1975.0
10918,3,642.0
10920,3,4450.0
10926,3,0.0
10930,3,0.0
10970,3,0.0
10980,3,3271.0
10990,3,64.5
10994,3,14554.5
11002,3,0.0
11003,3,5897.5
11027,3,113.0
11032,3,34164.5
11042,3,41307.0
11050,3,0.0
11057,3,158371.5
11058,3,0.0
11066,3,30545.5
11070,3,0.0
11086,3,0.0
11097,3,355.5
11109,3,7048.0
11111,3,621.0
11122,3,2524.5
11123,3,1.5
11135,3,3.0
11146,3,3087.0
11185,3,1057.0
11193,3,36477.0
11203,3,0.0
11233,3,0.0
11244,3,1692.0
11252,3,16527.5
11259,3,52713.0
11267,3,12734.0
11278,3,69133.0
11282,3,0.0
11292,3,187955.0
11298,3,99100.5
11308,3,0.0
11336,3,0.0
11337,3,4.0
11421,3,64.0
11423,3,8683.5
11433,3,135631.0
11445,3,90.0
11455,3,83566.0
11470,3,5152.0
11479,3,84.0
11481,3,7399.0
11503,3,1230.0
11537,3,982.0
11540,3,6066.0
11545,3,5.0
11548,3,0.0
11577,3,2.0
11588,3,115.0
11612,3,2284.0
11617,3,2422.0
11618,3,148006.5
11619,3,3.0
11630,3,2905.0
11637,3,4834.0
11638,3,0.0
11641,3,4036.5
11651,3,6528.5
11697,3,130585.0
11721,3,1701.5
11726,3,146.0
11764,3,0.0
11775,3,4987.5
11790,3,1.0
11823,3,239.0
11827,3,9.0
11833,3,523.5
11844,3,289.0
11874,3,0.0
11879,3,229.0
11884,3,17106.0
11908,3,327.0
11921,3,0.0
11941,3,14.0
11950,3,1591.5
11952,3,46.0
11977,3,287.0
11980,3,1262.0
11982,3,194.0
11986,3,4620.0
11995,3,4123.5
11996,3,14240.5
11997,3,1.0
12003,3,746.5
12010,3,3122.0
12016,3,17013.5
12021,3,0.0
12026,3,1.5
12051,3,3238.0
12087,3,102.0
12094,3,932.0
12143,3,30273.5
12173,3,105582.5
12191,3,43135.0
12195,3,422.0
12197,3,14942.5
12214,3,76.5
12217,3,1013.5
12223,3,2.5
12244,3,4.0
12264,3,44100.0
12265,3,672.0
12266,3,129645.0
12268,3,46.0
12277,3,9005.0
12278,3,5957.0
12321,3,0.0
12323,3,680.0
12339,3,36783.0
12391,3,5831.0
12395,3,83400.0
12402,3,0.0
12448,3,1174.5
12451,3,30475.0
12478,3,219768.5
12492,3,1736.0
12511,3,3509.0
12520,3,6494.0
12523,3,7734.0
12544,3,1008.5
12615,3,96.0
12649,3,175.0
12651,3,15.0
12676,3,94.0
12693,3,6287.0
12699,3,11463.0
12704,3,28.0
12708,3,0.0
12709,3,0.0
12719,3,1.0
12758,3,16305.5
12769,3,1.0
12779,3,43.0
12807,3,0.0
12831,3,199.0
12884,3,2467.0
12889,3,133413.0
12892,3,336975.0
12896,3,15568.0
12899,3,0.0
12900,3,4.0
12915,3,134.5
12917,3,1635.0
12932,3,227.0
12945,3,3563.0
12951,3,1563.5
12953,3,119039.5
12954,3,11497.5
12956,3,0.0
12966,3,28535.0
12972,3,46172.5
12986,3,2088.0
12990,3,3093.0
12992,3,12155.5
13034,3,2225.0
13061,3,0.0
13076,3,1981.0
13127,3,0.0
13156,3,5684.5
13158,3,696.0
13165,3,4776.0
13169,3,0.0
13180,3,5838.0
13198,3,34439.0
13204,3,213412.0
13230,3,2772.5
13232,3,120730.5
13244,3,13403.0
13246,3,0.0
13252,3,33436.5
13256,3,402.5
13264,3,184.5
13277,3,215.0
13290,3,1381.5
13295,3,0.0
13296,3,6744.5
13303,3,129102.5
13306,3,0.0
13342,3,21743.5
13347,3,2362.0
13360,3,1945.5
13367,3,296.0
13370,3,1118.0
13377,3,164.0
13408,3,1660.0
13422,3,2973.5
13433,3,703.0
13459,3,0.0
13485,3,4452.5
13486,3,3884.0
13487,3,101501.0
13495,3,39845.0
13502,3,3699.5
13594,3,2128.5
13605,3,8271.5
13654,3,40.0
13694,3,3336.0
13744,3,45585.0
13768,3,131.0
13770,3,140.0
13796,3,33528.5
13799,3,1366.0
13806,3,72.0
13830,3,77632.5
13851,3,2001.0
13871,3,14031.5
13873,3,518.0
13890,3,0.0
13891,3,19205.5
13930,3,194363.0
13931,3,18742.0
13942,3,139.0
13943,3,6537.0
13964,3,0.0
13970,3,162.5
14004,3,2351.0
14012,3,7280.0
14022,3,1495.0
14025,3,496.0
14027,3,34293.0
14054,3,560.0
14057,3,94856.0
14088,3,310.0
14092,3,35.0
14098,3,7612.0
14100,3,58746.0
14102,3,7.0
14107,3,175791.0
14108,3,1394.0
14112,3,5131.5
14122,3,15962.5
14125,3,0.0
14130,3,0.0
14150,3,158.0
14153,3,1603.5
14193,3,2900.5
14207,3,5471.0
14210,3,3243.0
14222,3,1954.0
14231,3,0.0
14234,3,0.0
14252,3,2363.5
14259,3,158.0
14262,3,7181.5
14275,3,5.0
14282,3,3.0
14293,3,13272.0
14299,3,3669.0
14307,3,9895.5
14309,3,0.0
14312,3,2337.5
14320,3,15.0
14321,3,3859.5
14457,3,750.0
14488,3,2.0
14489,3,3958.5
14492,3,36796.0
14512,3,440.5
14520,3,0.0
14524,3,8763.0
14570,3,6553.5
14574,3,1217.0
14576,3,2120.0
14582,3,836.0
14583,3,377.0
14635,3,74544.0
14674,3,1709.0
14677,3,1324.0
14679,3,44323.5
14681,3,684.5
14683,3,31838.0
14685,3,15528.0
14689,3,2981.5
14696,3,2008.5
14704,3,2538.0
14709,3,213.0
14716,3,0.0
14717,3,3088.5
14718,3,307.0
14730,3,19915.5
14739,3,10947.0
14747,3,105090.0
14761,3,10799.5
14771,3,108693.0
14783,3,1506.5
14804,3,114.0
14805,3,184.0
14814,3,541.5
14816,3,64.0
14828,3,1448.0
14831,3,34748.0
14832,3,7116.5
14843,3,10232.0
14849,3,743.0
14869,3,19265.5
14893,3,31274.5
14908,3,10192.5
14942,3,555.0
14945,3,1562.0
14955,3,1082.0
14960,3,700.0
14986,3,322.0
14992,3,1632.0
15016,3,25037.0
15018,3,0.0
15024,3,2519.5
15043,3,0.0
15058,3,34631.0
15070,3,6109.5
15084,3,3911.5
15096,3,6167.0
15125,3,1132.0
15129,3,0.0
15147,3,0.0
15153,3,0.0
15163,3,0.0
15167,3,34.0
15177,3,4.0
15215,3,100.0
15249,3,5066.0
15271,3,0.0
15295,3,4045.0
15304,3,57316.5
15306,3,0.0
15317,3,575.0
15323,3,4273.0
15356,3,1098.0
15370,3,8531.0
15376,3,6310.5
15380,3,1124.0
15381,3,0.0
15389,3,127.5
15401,3,193.0
15412,3,3802.0
15455,3,3871.0
15478,3,364.5
15567,3,0.0
15582,3,353.0
15584,3,1281.0
15624,3,4319.0
15632,3,979.0
15645,3,0.0
15709,3,58.0
15721,3,4.0
15862,3,29.0
15887,3,137.0
15919,3,4023.5
16085,3,2300.5
16091,3,3.0
16115,3,1108.0
16128,3,0.0
16149,3,4382.5
16171,3,576.0
16173,3,4143.0
16215,3,7.0
16217,3,2854.0
16229,3,21353.5
16232,3,53.0
16257,3,29805.5
16267,3,11.0
16271,3,4379.0
16304,3,1862.0
16321,3,2.5
16477,3,0.0
16782,3,2608.0
10056,4,5.0
10135,4,1772.5
10136,4,2400.5
10140,4,14705.5
10148,4,126.0
10157,4,0.0
10158,4,4487.0
10165,4,0.0
10170,4,71.0
10185,4,1471.0
10194,4,37.5
10208,4,478.0
10210,4,2817.5
10225,4,0.0
10245,4,12.0
10257,4,9280.5
10279,4,638.0
10292,4,45410.5
10299,4,25995.5
10312,4,1678.0
10333,4,0.0
10372,4,8353.0
10397,4,368851.0
10405,4,157.0
10408,4,1613.0
10411,4,7092.5
10416,4,37.0
10423,4,61083.0
10431,4,5593.5
10434,4,60.5
10466,4,7987.0
10469,4,67.0
10517,4,2241.0
10529,4,13025.0
10540,4,117.0
10551,4,697.0
10559,4,192.0
10561,4,84.0
10581,4,2340.5
10590,4,2539.5
10599,4,8754.5
10615,4,0.0
10620,4,83.0
10627,4,2410.0
10631,4,0.0
10638,4,11216.0
10658,4,3994.0
10666,4,2204.0
10673,4,2.0
10676,4,2373.0
10685,4,2308.5
10693,4,27501.5
10696,4,9954.0
10711,4,23092.0
10713,4,4540.0
10721,4,108049.5
10728,4,657.0
10781,4,4540.0
10785,4,4896.5
10792,4,9690.0
10800,4,283.0
10821,4,113032.5
10846,4,5411.5
10849,4,3549.5
10868,4,622.5
10874,4,1088.0
10910,4,1304.0
10911,4,8638.0
10920,4,8337.0
10980,4,5720.5
10990,4,2325.0
10994,4,30022.5
11003,4,2532.5
11015,4,6.0
11032,4,55010.5
11042,4,36884.0
11052,4,3920.0
11057,4,127360.5
11066,4,21277.0
11067,4,5062.0
11076,4,1606.0
11109,4,6142.0
11111,4,995.0
11164,4,2862.0
11185,4,5780.0
11193,4,34229.5
11203,4,18.5
11223,4,117.0
11244,4,2749.5
11252,4,147.0
11259,4,31262.0
11267,4,3688.5
11278,4,73655.0
11292,4,201610.0
11298,4,238151.0
11391,4,0.0
11421,4,1.0
11423,4,10533.0
11433,4,125207.5
11444,4,8.0
11453,4,2.0
11481,4,5126.5
11534,4,8.0
11537,4,130.0
11540,4,17772.0
11550,4,391.5
11555,4,1785.0
11577,4,1139.0
11588,4,0.0
11603,4,6770.5
11612,4,1659.5
11615,4,405.0
11618,4,173917.0
11624,4,1734.0
11630,4,104.5
11637,4,2058.5
11638,4,6877.0
11648,4,0.0
11651,4,6225.5
11671,4,2691.0
11697,4,166443.5
11721,4,2391.0
11731,4,65.0
11760,4,996.5
11775,4,3845.5
11793,4,2173.0
11823,4,10411.0
11867,4,960.0
11868,4,2607.5
11874,4,9692.0
11884,4,9550.5
11888,4,7051.0
11898,4,745.0
11905,4,1220.0
11907,4,1.0
11911,4,17.0
11953,4,2553.0
11973,4,1721.0
11977,4,1432.5
11980,4,41.0
11982,4,3311.0
11986,4,4748.0
11988,4,39280.5
11995,4,16955.0
11996,4,2498.0
12003,4,517.5
12010,4,137.0
12016,4,10663.5
12051,4,258.0
12073,4,4782.5
12087,4,38.0
12094,4,529.0
12124,4,2563.0
12132,4,0.0
12143,4,7407.0
12156,4,1172.0
12169,4,3.0
12173,4,64434.0
12184,4,0.0
12191,4,45686.0
12195,4,585.0
12197,4,17330.0
12206,4,72.5
12214,4,20.0
12217,4,1435.0
12223,4,1447.0
12250,4,0.0
12264,4,90882.0
12265,4,1188.0
12266,4,126444.5
12277,4,37218.0
12278,4,2907.0
12280,4,1106.0
12294,4,3.0
12315,4,12.0
12339,4,25981.0
12363,4,0.0
12395,4,71728.0
12448,4,164.0
12451,4,18722.5
12478,4,199144.5
12511,4,3539.0
12544,4,3934.0
12627,4,7016.0
12652,4,43.0
12693,4,187.0
12699,4,0.0
12758,4,6721.0
12878,4,93.0
12882,4,148.0
12889,4,155872.0
12892,4,244348.5
12898,4,1741.0
12917,4,3289.0
12945,4,4879.0
12951,4,1913.5
12953,4,60136.5
12954,4,30023.0
12972,4,30270.5
12982,4,10695.0
12987,4,2.0
12990,4,2191.0
12991,4,1308.0
12992,4,3550.5
13029,4,56.0
13061,4,941.0
13076,4,53.0
13158,4,1444.0
13180,4,15158.5
13184,4,0.0
13196,4,5.0
13198,4,54281.5
13204,4,126623.5
13218,4,4528.5
13230,4,1322.0
13232,4,78658.5
13244,4,5672.0
13252,4,1855.5
13256,4,428.5
13264,4,3542.0
13269,4,284.0
13277,4,985.0
13289,4,4.0
13295,4,0.0
13296,4,4376.0
13303,4,86535.5
13342,4,18113.0
13347,4,2457.0
13360,4,79.0
13367,4,1255.0
13377,4,4018.0
13408,4,9659.0
13433,4,1668.5
13439,4,35.0
13459,4,0.0
13485,4,5119.0
13487,4,98800.5
13495,4,45863.0
13501,4,1.5
13502,4,356.0
13514,4,0.0
13577,4,201.0
13579,4,141.0
13594,4,2484.0
13605,4,16784.5
13676,4,3.0
13710,4,151.0
13715,4,5.0
13744,4,4493.0
13746,4,480.0
13767,4,197.0
13771,4,3.0
13795,4,2571.0
13796,4,56759.0
13826,4,41.0
13830,4,36826.5
13851,4,6784.0
13871,4,22717.0
13873,4,312.0
13891,4,3626.0
13894,4,225.0
13898,4,9.0
13930,4,222980.0
13931,4,3439.5
13933,4,2127.0
13964,4,0.0
13970,4,440.5
14012,4,5219.0
14027,4,20483.5
14030,4,90.0
14046,4,12.0
14057,4,40383.5
14082,4,15293.0
14100,4,98508.0
14102,4,170.0
14107,4,129834.0
14109,4,0.0
14112,4,9940.5
14113,4,62.0
14122,4,46908.0
14125,4,124.0
14130,4,177.0
14153,4,4531.5
14166,4,2.0
14193,4,2144.0
14210,4,1480.0
14222,4,1555.5
14228,4,1313.0
14231,4,0.0
14252,4,1749.5
14254,4,129.0
14259,4,113.0
14262,4,3747.0
14268,4,2.0
14273,4,7.0
14282,4,24.0
14293,4,9024.0
14307,4,10599.5
14309,4,0.0
14312,4,3470.5
14314,4,1066.0
14316,4,0.0
14320,4,2.0
14321,4,4334.5
14457,4,2087.5
14467,4,0.0
14487,4,129.0
14489,4,789.5
14492,4,59509.0
14512,4,894.0
14524,4,14869.0
14530,4,5.0
14570,4,9781.0
14574,4,2794.5
14576,4,9348.5
14577,4,3.0
14588,4,2842.0
14635,4,33356.0
14674,4,4887.0
14677,4,2228.0
14679,4,82659.5
14683,4,28250.5
14685,4,1947.0
14689,4,4137.0
14698,4,2325.0
14730,4,1878.0
14739,4,6993.5
14747,4,118285.5
14761,4,4336.5
14771,4,134619.5
14783,4,2672.0
14814,4,972.5
14828,4,2536.0
14831,4,34376.5
14832,4,6681.5
14838,4,11386.0
14842,4,0.0
14843,4,48465.0
14849,4,62.0
14856,4,164.0
14869,4,89545.0
14886,4,0.0
14893,4,27326.5
14895,4,222.0
14908,4,12615.5
14918,4,385.0
14924,4,3057.0
14955,4,8622.0
14960,4,1268.0
14986,4,6184.5
15008,4,0.0
15012,4,0.0
15013,4,2002.0
15016,4,33499.0
15018,4,1375.0
15020,4,0.0
15023,4,7979.0
15024,4,9075.5
15027,4,9737.0
15049,4,315.0
15058,4,0.0
15070,4,1277.5
15074,4,1448.0
15092,4,5061.0
15096,4,5310.5
15113,4,1112.5
15147,4,6.0
15153,4,42.0
15160,4,1.0
15167,4,7.0
15171,4,0.0
15245,4,296.0
15246,4,0.0
15249,4,94.0
15250,4,0.0
15258,4,0.0
15260,4,26.0
15278,4,27.0
15293,4,8.0
15295,4,1207.5
15304,4,75849.5
15325,4,110.0
15370,4,12381.5
15376,4,18428.0
15380,4,2405.5
15412,4,2109.0
15455,4,3121.0
15478,4,665.0
15513,4,3189.0
15566,4,1305.0
15595,4,19942.0
15624,4,5570.5
15645,4,0.0
15785,4,177.0
15794,4,79.0
15798,4,75.0
15841,4,1904.0
15919,4,2986.0
15991,4,516.0
15994,4,729.0
16078,4,0.0
16091,4,0.0
16149,4,982.5
16215,4,34427.0
16217,4,20416.0
16218,4,3421.5
16229,4,12488.5
16257,4,4853.5
16271,4,34279.5
16321,4,1198.0
16477,4,0.0
16542,4,9.0
16567,4,213.0
16647,4,201.0
16829,4,0.0
10135,5,1215.0
10140,5,5058.0
10158,5,6032.0
10162,5,2816.0
10171,5,2.0
10185,5,0.0
10194,5,0.0
10208,5,1244.5
10244,5,35952.0
10257,5,17760.0
10268,5,163.0
10272,5,584.0
10299,5,13989.5
10304,5,229.0
10327,5,28.0
10357,5,9997.5
10372,5,3.0
10394,5,1483.0
10397,5,340796.5
10405,5,30.0
10408,5,4593.0
10411,5,2205.5
10416,5,137.0
10423,5,37145.0
10431,5,6816.0
10434,5,3424.0
10466,5,9913.0
10517,5,12420.5
10521,5,7015.0
10529,5,10756.5
10540,5,53.0
10551,5,2739.5
10557,5,307.0
10558,5,0.0
10559,5,238.0
10561,5,2602.0
10562,5,86.0
10581,5,997.5
10599,5,6548.5
10620,5,1067.5
10627,5,1481.5
10647,5,2.0
10654,5,171.0
10658,5,2109.0
10666,5,2772.0
10676,5,2940.0
10685,5,807.0
10693,5,89927.0
10696,5,9207.0
10713,5,14863.5
10721,5,127443.0
10732,5,8304.5
10747,5,0.0
10754,5,107.0
10781,5,4299.0
10785,5,4571.0
10792,5,23681.0
10800,5,54749.5
10821,5,96412.0
10846,5,5575.5
10849,5,3178.5
10868,5,1761.0
10874,5,7398.0
10911,5,8097.0
10917,5,168.5
10920,5,24533.0
10950,5,144.0
10961,5,69.0
10967,5,555.0
10980,5,2435.0
10990,5,2915.5
10994,5,17702.0
10996,5,0.5
11003,5,4738.0
11015,5,6.0
11032,5,39595.5
11042,5,40865.5
11049,5,2119.0
11057,5,118274.0
11066,5,35159.0
11075,5,2270.0
11085,5,167.0
11109,5,6165.0
11118,5,16245.0
11123,5,45.0
11126,5,685.0
11140,5,2363.0
11146,5,2662.0
11150,5,0.0
11185,5,0.0
11193,5,24238.5
11203,5,443.5
11215,5,15.0
11227,5,5.0
11252,5,13034.0
11259,5,43307.5
11267,5,7075.5
11278,5,92229.0
11282,5,0.0
11292,5,183234.0
11298,5,184938.5
11308,5,0.0
11336,5,71.0
11376,5,0.0
11413,5,2990.0
11423,5,12446.5
11433,5,109855.0
11445,5,891.0
11447,5,664.0
11481,5,2670.5
11484,5,0.0
11488,5,1050.0
11492,5,14.0
11495,5,320.0
11525,5,906.5
11537,5,1185.0
11540,5,13085.5
11588,5,0.0
11603,5,1131.0
11612,5,2877.0
11618,5,93548.0
11625,5,23824.0
11630,5,4674.0
11637,5,2990.5
11646,5,6.0
11651,5,6889.0
11671,5,2775.0
11697,5,74625.0
11721,5,2726.0
11760,5,3243.5
11762,5,292.0
11764,5,1.0
11775,5,2347.0
11823,5,5492.0
11868,5,2050.5
11874,5,24075.0
11884,5,5802.0
11910,5,421.0
11915,5,12710.0
11931,5,184.0
11953,5,2004.5
11977,5,1784.5
11986,5,7662.5
11995,5,5509.0
11996,5,3409.5
11997,5,287.5
12003,5,1.0
12010,5,2518.0
12016,5,19770.5
12051,5,5456.0
12073,5,2379.0
12125,5,0.0
12143,5,0.0
12156,5,2315.0
12169,5,11064.0
12173,5,96211.0
12180,5,4666.0
12184,5,6.0
12191,5,18948.5
12197,5,3818.5
12206,5,3246.0
12217,5,113.5
12250,5,1.5
12252,5,1.0
12253,5,96.0
12264,5,48038.0
12266,5,109520.5
12277,5,5533.0
12278,5,13806.0
12294,5,17.5
12297,5,0.0
12321,5,250.0
12324,5,0.0
12339,5,29001.5
12363,5,534.0
12391,5,3423.5
12395,5,4853.0
12397,5,3589.5
12402,5,0.0
12448,5,4693.5
12451,5,5710.5
12472,5,0.0
12478,5,151171.5
12520,5,6142.0
12544,5,1305.0
12559,5,2.0
12615,5,120.5
12621,5,133.5
12627,5,7681.0
12633,5,3.0
12651,5,381.0
12693,5,117.0
12758,5,5357.0
12772,5,1.0
12782,5,2.0
12785,5,11.0
12815,5,1.0
12854,5,5.0
12866,5,50.0
12868,5,102.5
12889,5,150161.0
12892,5,207002.5
12900,5,2.0
12902,5,307.0
12917,5,1564.5
12922,5,386.0
12945,5,2225.0
12951,5,33.5
12953,5,87154.0
12954,5,18972.0
12972,5,5383.0
12982,5,3770.5
12986,5,19681.0
12990,5,2605.5
12991,5,3547.0
12992,5,789.0
13032,5,173.0
13043,5,3344.0
13061,5,0.0
13068,5,0.0
13076,5,947.0
13111,5,0.0
13113,5,0.0
13121,5,365.0
13139,5,1285.0
13156,5,24514.5
13158,5,3012.0
13166,5,2525.0
13169,5,3677.0
13180,5,11477.5
13182,5,293.0
13184,5,1095.0
13196,5,115.0
13198,5,20445.5
13203,5,1299.0
13204,5,150495.5
13211,5,558.0
13230,5,8984.5
13232,5,106882.0
13243,5,6238.0
13244,5,24026.0
13252,5,7222.0
13256,5,3580.5
13264,5,1188.0
13277,5,3568.0
13292,5,15.0
13296,5,1658.5
13303,5,115667.0
13342,5,14910.5
13348,5,339.0
13360,5,2075.5
13367,5,2995.0
13377,5,4783.5
13415,5,4.0
13422,5,104.0
13433,5,3624.0
13476,5,828.0
13484,5,137.0
13485,5,7103.0
13487,5,128376.5
13491,5,3.0
13495,5,46417.0
13514,5,2999.5
13518,5,3958.0
13541,5,25.0
13560,5,1626.0
13577,5,3268.0
13605,5,4801.0
13625,5,6.0
13676,5,2.0
13744,5,33877.0
13767,5,0.0
13768,5,29.0
13796,5,40886.0
13806,5,0.0
13826,5,76.0
13829,5,1087.0
13832,5,759.0
13851,5,13972.5
13871,5,16021.0
13873,5,144.5
13891,5,28441.0
13930,5,237514.5
13931,5,18200.0
13942,5,0.0
13943,5,2465.0
13970,5,533.5
14012,5,323.0
14025,5,602.0
14027,5,5335.5
14030,5,0.0
14050,5,3.0
14054,5,0.0
14057,5,72672.5
14066,5,20843.0
14082,5,6977.5
14098,5,152.0
14100,5,87285.0
14102,5,0.0
14107,5,192150.0
14108,5,2118.0
14112,5,16562.5
14113,5,147.0
14122,5,31010.0
14131,5,94.0
14153,5,56.0
14182,5,3.0
14193,5,4360.5
14210,5,14011.0
14222,5,3779.0
14231,5,1116.5
14259,5,1227.0
14268,5,0.0
14275,5,2.0
14278,5,851.0
14286,5,163.0
14288,5,140.0
14293,5,2736.5
14307,5,22930.0
14309,5,7510.0
14312,5,5973.0
14314,5,724.5
14321,5,6578.5
14397,5,27.0
14457,5,1410.5
14485,5,61.5
14492,5,31890.5
14512,5,1517.0
14524,5,9949.0
14533,5,91.0
14534,5,679.0
14570,5,7809.0
14576,5,13986.5
14633,5,1255.5
14635,5,15440.5
14679,5,55938.0
14681,5,1787.5
14683,5,16385.0
14685,5,19383.0
14689,5,3837.0
14695,5,0.0
14696,5,125.5
14698,5,0.0
14709,5,0.0
14730,5,3091.0
14738,5,325.0
14739,5,14882.5
14747,5,129838.5
14754,5,1.0
14761,5,7668.0
14771,5,178579.5
14783,5,2842.0
14805,5,11.0
14812,5,534.0
14814,5,3356.0
14831,5,42006.0
14832,5,17076.0
14843,5,45150.0
14849,5,0.0
14856,5,173.0
14869,5,73287.0
14884,5,0.0
14893,5,42163.5
14895,5,136.0
14908,5,48910.5
14919,5,294.0
14955,5,3655.0
14986,5,1942.5
15012,5,127.0
15013,5,11245.5
15016,5,45159.5
15018,5,3649.0
15023,5,5347.0
15024,5,1149.5
15049,5,143.0
15051,5,275.0
15052,5,572.0
15070,5,1079.5
15084,5,271.5
15096,5,13282.5
15113,5,0.0
15115,5,569.0
15237,5,1991.0
15249,5,8571.0
15258,5,2462.0
15295,5,542.5
15304,5,45391.0
15306,5,9199.0
15323,5,142.0
15370,5,18474.0
15376,5,3601.0
15380,5,321.0
15412,5,7092.5
15478,5,144.0
15513,5,129.0
15624,5,19057.0
15709,5,105.0
15721,5,257.0
15785,5,234.0
15919,5,2631.5
16042,5,2124.0
16091,5,0.0
16095,5,251.0
16128,5,1.0
16133,5,0.0
16149,5,3426.0
16156,5,82.0
16163,5,2693.0
16217,5,2666.0
16218,5,47.0
16229,5,15037.5
16232,5,718.0
16242,5,114.0
16257,5,27014.0
16263,5,0.0
16267,5,190.0
16271,5,31165.0
16477,5,0.0
16542,5,2.0
16647,5,244.0
10056,6,128.0
10135,6,3267.0
10136,6,196.5
10140,6,18754.0
10154,6,36.5
10157,6,4723.0
10170,6,206.5
10194,6,0.0
10208,6,822.0
10210,6,2224.0
10245,6,420.5
10247,6,4.5
10257,6,12247.0
10292,6,25584.0
10299,6,16924.0
10304,6,137.0
10313,6,14.0
10349,6,0.0
10357,6,16587.0
10394,6,6730.0
10397,6,282931.0
10408,6,4016.0
10411,6,112.0
10423,6,55547.0
10431,6,3444.0
10434,6,1941.0
10466,6,4596.0
10482,6,0.0
10517,6,12000.0
10529,6,22395.5
10540,6,0.0
10542,6,4210.0
10551,6,2944.5
10558,6,947.5
10559,6,678.0
10561,6,0.0
10581,6,5010.0
10599,6,11615.5
10620,6,3353.5
10627,6,1067.0
10654,6,0.0
10666,6,5828.5
10676,6,1124.5
10685,6,3445.0
10693,6,30271.5
10711,6,9637.5
10713,6,17515.5
10717,6,387.0
10721,6,122866.5
10732,6,2860.0
10747,6,932.5
10752,6,29.5
10754,6,594.5
10779,6,149.0
10781,6,9295.5
10785,6,5912.5
10792,6,3669.5
10800,6,17907.0
10817,6,0.0
10821,6,113632.0
10849,6,4731.0
10868,6,6568.5
10872,6,6597.0
10874,6,7007.0
10910,6,115.0
10911,6,5503.0
10917,6,160.0
10920,6,25204.0
10926,6,0.0
10980,6,8161.5
10990,6,1559.0
10994,6,17187.5
11002,6,0.0
11003,6,2570.5
11027,6,652.5
11032,6,35461.5
11042,6,43058.0
11049,6,993.0
11052,6,3975.0
11057,6,166369.5
11066,6,13090.0
11067,6,2668.5
11070,6,9377.0
11075,6,1769.0
11109,6,1547.0
11122,6,36.5
11126,6,22.0
11140,6,221.0
11146,6,3203.0
11164,6,3544.0
11185,6,0.0
11193,6,20839.5
11197,6,419.0
11203,6,90.5
11214,6,4.0
11244,6,451.0
11252,6,4050.0
11259,6,40737.5
11267,6,13078.5
11278,6,75347.5
11288,6,538.0
11292,6,236184.0
11298,6,298883.5
11336,6,30.0
11392,6,191.0
11413,6,2201.5
11415,6,0.0
11418,6,0.0
11423,6,13091.5
11433,6,121461.0
11455,6,45941.0
11481,6,3389.5
11503,6,205.0
11519,6,0.0
11537,6,7235.0
11540,6,9393.5
11548,6,0.0
11603,6,626.5
11617,6,6199.0
11618,6,112473.5
11630,6,880.0
11637,6,2902.0
11638,6,1398.5
11641,6,6743.0
11648,6,5444.0
11651,6,50889.0
11697,6,86643.5
11721,6,3933.0
11725,6,493.0
11726,6,120.0
11728,6,3.0
11760,6,21930.0
11764,6,10.5
11775,6,7700.5
11823,6,2176.5
11833,6,489.5
11844,6,486.5
11868,6,2590.5
11874,6,22352.0
11884,6,29876.0
11905,6,2385.0
11921,6,86.0
11928,6,5906.0
11953,6,2972.0
11961,6,6.0
11973,6,2379.0
11977,6,1198.0
11986,6,15990.5
11995,6,8532.5
11996,6,5090.0
12003,6,0.0
12010,6,7629.0
12054,6,0.0
12073,6,0.0
12108,6,1.0
12115,6,1091.5
12119,6,160.0
12143,6,3335.5
12169,6,4078.5
12173,6,49373.0
12191,6,20496.0
12197,6,9005.0
12214,6,159.5
12217,6,896.0
12223,6,3333.0
12264,6,80838.5
12265,6,163.0
12266,6,124692.5
12277,6,45051.0
12278,6,10929.5
12280,6,1324.5
12323,6,7766.5
12339,6,31466.0
12343,6,6.0
12391,6,126.0
12395,6,91788.0
12396,6,8.0
12397,6,2344.5
12402,6,19943.5
12441,6,5650.5
12448,6,2801.0
12451,6,19052.5
12478,6,239448.5
12511,6,675.0
12523,6,4745.0
12544,6,2912.5
12545,6,6.0
12553,6,21.5
12651,6,17300.0
12693,6,5006.5
12699,6,6140.0
12758,6,9582.0
12807,6,5.0
12815,6,9.0
12819,6,434.0
12822,6,41.0
12831,6,247.0
12847,6,25.0
12855,6,17.0
12884,6,0.0
12889,6,138524.5
12892,6,182801.5
12900,6,8.0
12917,6,648.5
12932,6,1.0
12938,6,0.0
12945,6,9948.5
12951,6,1556.5
12953,6,56535.0
12954,6,9840.5
12966,6,79896.0
12972,6,209251.0
12982,6,381.0
12986,6,5643.5
12990,6,1178.5
12992,6,20137.0
13002,6,54.0
13003,6,138.0
13029,6,1750.5
13032,6,142.0
13061,6,0.0
13156,6,37396.0
13165,6,5173.0
13180,6,25273.0
13182,6,262.0
13194,6,590.0
13198,6,33154.5
13203,6,693.0
13204,6,132646.5
13218,6,7110.5
13230,6,3809.0
13232,6,62229.0
13244,6,18120.0
13252,6,42810.5
13256,6,6719.0
13264,6,5937.5
13269,6,100.5
13277,6,1451.5
13296,6,1319.0
13303,6,124223.5
13306,6,0.0
13342,6,24466.0
13344,6,1785.0
13367,6,958.0
13369,6,2.0
13434,6,0.0
13459,6,1068.0
13476,6,1810.0
13485,6,7058.5
13486,6,6489.0
13487,6,102646.0
13495,6,51067.0
13502,6,1254.5
13504,6,45.0
13518,6,30907.0
13541,6,1086.0
13560,6,12968.0
13577,6,19341.0
13579,6,0.0
13594,6,605.0
13605,6,5503.5
13618,6,0.0
13667,6,0.0
13682,6,0.0
13692,6,2276.0
13693,6,18.0
13694,6,5353.5
13710,6,3.0
13744,6,24774.0
13770,6,96.0
13795,6,738.0
13796,6,55871.5
13806,6,0.0
13809,6,0.0
13830,6,17854.0
13832,6,501.0
13851,6,30511.0
13871,6,26724.0
13873,6,3202.0
13891,6,26060.5
13894,6,150.0
13898,6,5.0
13900,6,3895.0
13930,6,303831.0
13931,6,10879.0
13943,6,10398.0
13952,6,5856.0
13970,6,174.0
13983,6,553.0
14012,6,6832.0
14013,6,0.0
14027,6,12669.0
14050,6,2.0
14054,6,0.0
14057,6,63204.0
14066,6,42070.0
14081,6,2.0
14092,6,29.0
14098,6,3469.0
14100,6,116545.5
14102,6,220.0
14107,6,95726.5
14108,6,560.0
14112,6,5200.0
14122,6,32032.0
14130,6,0.0
14150,6,2584.0
14153,6,762.0
14193,6,6234.5
14207,6,1750.0
14228,6,2775.0
14229,6,9.0
14234,6,10.0
14254,6,1481.0
14259,6,39.0
14262,6,4644.5
14275,6,0.0
14278,6,0.0
14293,6,17772.5
14299,6,1762.0
14307,6,10561.5
14309,6,45149.0
14312,6,4242.0
14320,6,4.5
14321,6,4984.0
14457,6,2694.5
14492,6,65132.5
14512,6,586.5
14520,6,42.5
14524,6,8270.0
14533,6,59.0
14570,6,15360.5
14574,6,2374.0
14576,6,6405.5
14577,6,1.0
14635,6,36540.0
14679,6,72658.5
14681,6,2838.0
14683,6,29696.0
14685,6,10861.0
14689,6,2189.5
14691,6,0.0
14696,6,2076.5
14698,6,2474.0
14704,6,0.0
14711,6,1655.5
14716,6,294.0
14717,6,0.0
14730,6,6192.5
14739,6,6290.0
14747,6,211876.5
14761,6,4479.0
14771,6,258437.0
14783,6,3979.0
14819,6,344.5
14831,6,49914.0
14832,6,9166.0
14838,6,7697.0
14842,6,2198.0
14843,6,17903.0
14849,6,0.0
14869,6,96407.0
14871,6,0.0
14877,6,579.0
14884,6,0.0
14893,6,31065.0
14905,6,1293.5
14908,6,34443.0
14918,6,81.0
14955,6,2794.5
14960,6,2313.0
14986,6,1543.5
15013,6,543.5
15016,6,88970.0
15024,6,6568.5
15041,6,1143.0
15058,6,28098.5
15070,6,7749.5
15092,6,6927.0
15096,6,6883.5
15127,6,2156.0
15249,6,1470.0
15256,6,0.0
15295,6,2280.0
15304,6,52707.5
15323,6,120.0
15356,6,3375.5
15370,6,3752.5
15376,6,6377.5
15411,6,2360.5
15412,6,5746.5
15454,6,191.0
15455,6,7306.0
15570,6,15.0
15601,6,0.0
15626,6,591.0
15798,6,7.0
15862,6,10.0
15887,6,0.0
15897,6,1884.0
15919,6,4229.5
15991,6,569.5
16115,6,1110.0
16217,6,16576.5
16229,6,18441.0
16232,6,1621.5
16233,6,2.0
16253,6,0.0
16263,6,1.0
16271,6,40480.0
16304,6,1103.5
16306,6,833.0
16310,6,0.0
16390,6,56.0
16477,6,620.0
10135,7,3127.5
10140,7,32404.0
10154,7,153.5
10171,7,2.0
10185,7,2707.0
10208,7,1593.0
10237,7,25.0
10245,7,271.0
10257,7,8861.0
10279,7,2734.5
10292,7,44821.0
10299,7,24676.0
10325,7,4.0
10327,7,12.0
10397,7,379869.5
10408,7,2219.0
10411,7,764.0
10423,7,48801.5
10431,7,5979.0
10434,7,1796.5
10466,7,4333.0
10517,7,504.0
10521,7,3996.5
10529,7,16660.5
10551,7,781.0
10558,7,1493.0
10562,7,758.5
10581,7,5795.5
10599,7,9820.5
10608,7,1143.0
10620,7,3930.0
10627,7,39.0
10640,7,99.0
10654,7,0.0
10666,7,5113.0
10685,7,4484.0
10693,7,68523.0
10696,7,11632.0
10711,7,1837.0
10713,7,26471.0
10716,7,9545.0
10721,7,84468.5
10744,7,434.0
10747,7,1083.5
10750,7,576.0
10754,7,1198.0
10758,7,3703.0
10775,7,112.5
10778,7,0.0
10779,7,49.0
10781,7,46.0
10785,7,2310.5
10792,7,25962.5
10800,7,2225.5
10821,7,80728.0
10849,7,8435.5
10868,7,10773.5
10874,7,788.5
10878,7,3516.0
10911,7,4304.0
10917,7,1.0
10920,7,5855.5
10926,7,1207.0
10980,7,1427.0
10990,7,3528.5
10994,7,10330.5
11002,7,0.0
11003,7,7970.5
11027,7,1149.0
11032,7,33000.5
11034,7,2.0
11042,7,28707.5
11049,7,2463.0
11050,7,0.0
11057,7,142230.5
11066,7,8879.0
11075,7,2069.0
11082,7,6919.0
11097,7,0.0
11109,7,3588.0
11111,7,57.0
11122,7,0.0
11126,7,287.0
11140,7,6858.0
11146,7,1261.0
11150,7,19.0
11164,7,1017.5
11187,7,1279.0
11193,7,27921.0
11203,7,3256.0
11244,7,43.0
11252,7,62.0
11259,7,63914.5
11267,7,5748.0
11278,7,56649.5
11282,7,0.0
11290,7,39520.0
11292,7,181396.0
11298,7,262691.5
11337,7,3783.0
11376,7,0.0
11392,7,67.0
11410,7,0.0
11413,7,3107.5
11423,7,9415.5
11430,7,0.0
11433,7,83546.0
11435,7,20566.0
11441,7,207.0
11445,7,2.0
11470,7,0.0
11481,7,2272.0
11488,7,14886.0
11517,7,1.0
11537,7,6441.0
11540,7,10682.0
11548,7,293.0
11555,7,0.5
11588,7,588.0
11603,7,4714.0
11612,7,3668.0
11617,7,3623.0
11618,7,162858.0
11624,7,131.0
11625,7,16141.5
11630,7,2047.5
11637,7,4675.0
11638,7,964.0
11641,7,1035.0
11648,7,9608.0
11695,7,1.0
11697,7,119238.5
11711,7,0.0
11721,7,539.5
11731,7,2929.0
11756,7,0.0
11760,7,78781.0
11775,7,1698.5
11868,7,11445.0
11874,7,0.0
11884,7,5879.5
11888,7,1600.0
11915,7,18791.0
11924,7,74.0
11928,7,2292.0
11941,7,90.0
11950,7,3865.0
11953,7,1926.0
11977,7,2222.5
11980,7,153.0
11986,7,7038.0
11988,7,52727.0
11995,7,4170.5
11996,7,6416.0
12010,7,3972.0
12012,7,2437.0
12051,7,8637.5
12073,7,8718.0
12087,7,2.0
12101,7,20844.0
12127,7,22.0
12143,7,8463.0
12169,7,10609.0
12173,7,29748.5
12177,7,26.0
12180,7,3485.0
12184,7,8.0
12191,7,57478.5
12195,7,369.0
12197,7,4138.5
12206,7,7732.5
12217,7,3178.5
12244,7,3006.0
12250,7,4.0
12253,7,199.5
12264,7,82855.5
12266,7,160782.5
12268,7,287.0
12277,7,45137.0
12278,7,2201.5
12280,7,3978.0
12294,7,11.0
12315,7,16.0
12323,7,4240.0
12339,7,43777.0
12391,7,8060.0
12397,7,3.0
12402,7,50.0
12448,7,1580.5
12451,7,18082.5
12455,7,560.0
12478,7,331834.5
12559,7,186.0
12615,7,1.0
12627,7,9171.0
12633,7,28.0
12635,7,15.0
12676,7,7.0
12693,7,0.0
12699,7,6937.0
12704,7,143.0
12758,7,13642.0
12773,7,11.0
12779,7,69.5
12784,7,7.0
12786,7,58.0
12807,7,6.0
12815,7,205.0
12831,7,171.0
12841,7,83.0
12844,7,258.0
12851,7,210.0
12884,7,0.0
12889,7,170187.0
12892,7,345526.5
12896,7,128.0
12915,7,1345.0
12917,7,565.0
12932,7,357.0
12938,7,0.0
12945,7,7825.5
12951,7,2744.5
12953,7,73931.5
12954,7,17541.5
12957,7,0.0
12966,7,115837.5
12972,7,79004.0
12986,7,18573.5
12990,7,7983.0
12992,7,9910.0
13002,7,283.0
13024,7,0.0
13043,7,3381.5
13061,7,28.0
13068,7,301.0
13076,7,2721.0
13139,7,2721.0
13151,7,0.0
13158,7,15816.0
13165,7,2617.0
13166,7,2205.0
13169,7,5478.0
13180,7,16924.5
13184,7,1744.0
13196,7,19.0
13198,7,37456.0
13204,7,96125.0
13230,7,3589.5
13232,7,37311.0
13243,7,5875.5
13244,7,16981.0
13252,7,51780.0
13256,7,4174.5
13264,7,2923.5
13269,7,15.0
13277,7,470.0
13282,7,121.5
13295,7,0.0
13296,7,149.5
13303,7,96395.0
13306,7,2061.0
13342,7,28205.5
13344,7,10.5
13347,7,2838.0
13367,7,745.0
13370,7,1419.0
13377,7,50.0
13408,7,1928.0
13422,7,11422.0
13433,7,970.0
13467,7,455.0
13485,7,6634.5
13486,7,6033.0
13487,7,136111.0
13495,7,39104.0
13502,7,798.0
13514,7,4340.0
13520,7,415.0
13532,7,5056.0
13541,7,2191.5
13543,7,0.0
13560,7,767.0
13577,7,2385.5
13605,7,24472.0
13618,7,0.0
13667,7,0.0
13744,7,11300.5
13785,7,0.0
13788,7,0.0
13796,7,43947.5
13830,7,2292.5
13851,7,25130.0
13868,7,0.0
13871,7,14809.5
13873,7,826.0
13891,7,49993.5
13930,7,192329.0
13931,7,20886.0
13943,7,5101.0
13957,7,0.0
14012,7,0.0
14022,7,0.0
14027,7,11856.5
14050,7,3.0
14057,7,104157.0
14066,7,6138.0
14081,7,5.0
14100,7,86617.0
14107,7,133624.0
14108,7,2101.0
14112,7,2489.0
14122,7,21703.5
14150,7,2450.0
14153,7,13022.5
14193,7,6205.0
14207,7,8875.0
14210,7,14532.0
14222,7,4173.0
14228,7,5258.0
14254,7,303.0
14262,7,4851.0
14275,7,2.0
14293,7,14821.0
14303,7,4111.0
14307,7,4017.5
14309,7,10312.5
14312,7,2851.5
14320,7,4.5
14321,7,895.5
14457,7,507.0
14492,7,28039.5
14496,7,7033.0
14512,7,0.0
14520,7,0.0
14524,7,15416.5
14570,7,8102.0
14576,7,15920.5
14633,7,3079.0
14635,7,9337.0
14656,7,0.0
14677,7,13227.5
14679,7,79191.0
14681,7,8813.5
14683,7,22855.0
14685,7,2596.5
14689,7,22.0
14696,7,670.0
14698,7,0.0
14711,7,1451.0
14717,7,9073.0
14722,7,2075.0
14730,7,3396.0
14736,7,0.0
14739,7,47145.0
14747,7,199302.5
14761,7,1291.5
14771,7,126353.0
14783,7,1897.0
14794,7,2168.0
14814,7,1319.5
14819,7,300.0
14828,7,1846.0
14831,7,41301.5
14832,7,18096.5
14838,7,772.0
14843,7,36111.5
14853,7,0.0
14869,7,132448.0
14875,7,651.0
14879,7,0.0
14886,7,0.0
14893,7,15055.0
14908,7,53146.0
14918,7,4484.0
14924,7,3188.0
14955,7,7010.0
14986,7,3534.0
14996,7,0.0
15016,7,37735.0
15023,7,817.5
15024,7,10375.5
15027,7,1290.0
15045,7,0.0
15070,7,5400.5
15084,7,4783.0
15092,7,7500.0
15096,7,8861.0
15147,7,1103.0
15167,7,37.5
15192,7,5172.0
15232,7,21.0
15246,7,0.0
15304,7,47689.0
15306,7,28382.0
15356,7,9739.0
15370,7,9993.5
15376,7,9035.0
15380,7,3849.0
15412,7,4925.5
15455,7,4742.5
15478,7,0.0
15513,7,2527.5
15525,7,0.0
15567,7,18159.0
15570,7,0.0
15584,7,1381.0
15607,7,3875.0
15624,7,5394.0
15627,7,299.0
15643,7,4377.0
15741,7,1348.0
15841,7,0.0
15868,7,0.0
15919,7,10208.5
16021,7,4.0
16042,7,2706.0
16078,7,0.0
16085,7,552.5
16091,7,2.0
16097,7,1.0
16128,7,0.0
16173,7,12.0
16178,7,432.0
16194,7,5.0
16217,7,6075.5
16229,7,34458.0
16232,7,1937.5
16252,7,0.0
16257,7,9897.0
16261,7,2.0
16271,7,87506.5
16390,7,107.0
16477,7,0.0
16478,7,0.0
16567,7,52.0
16782,7,2022.0
10135,8,1316.0
10140,8,8336.5
10154,8,2411.5
10157,8,0.0
10158,8,2528.5
10170,8,2719.0
10185,8,62.0
10194,8,0.0
10208,8,572.0
10210,8,48.0
10257,8,6965.5
10279,8,6475.0
10299,8,5087.5
10312,8,194.5
10313,8,38.0
10322,8,360.0
10327,8,4.0
10349,8,0.0
10361,8,1306.5
10372,8,4340.5
10396,8,147.0
10397,8,347760.5
10405,8,113.0
10408,8,1197.0
10411,8,8619.0
10423,8,21767.5
10431,8,8839.0
10466,8,5611.0
10469,8,3171.5
10486,8,7372.0
10521,8,4352.5
10529,8,13398.5
10551,8,518.0
10557,8,429.0
10558,8,142.0
10559,8,610.5
10561,8,181.0
10577,8,3620.0
10581,8,1702.5
10599,8,3822.5
10620,8,426.0
10621,8,466.0
10627,8,1922.5
10647,8,58.0
10666,8,0.0
10676,8,3193.0
10693,8,58329.5
10696,8,16353.0
10711,8,7035.5
10713,8,10950.0
10717,8,314.0
10721,8,153693.0
10731,8,3496.0
10732,8,0.0
10781,8,1039.5
10785,8,6234.5
10792,8,28171.5
10800,8,17240.0
10821,8,70567.0
10846,8,288.0
10849,8,8543.0
10868,8,1902.5
10874,8,3797.5
10877,8,1258.0
10918,8,1340.0
10920,8,0.0
10970,8,0.0
10994,8,12851.0
11003,8,4437.0
11027,8,1065.0
11030,8,3833.5
11032,8,40800.0
11042,8,38242.0
11057,8,149226.5
11066,8,43325.5
11076,8,0.0
11109,8,10183.0
11111,8,41.0
11122,8,0.0
11140,8,4424.5
11146,8,4637.5
11160,8,2348.5
11172,8,5405.5
11185,8,2232.0
11193,8,45578.5
11215,8,101.5
11233,8,177.0
11259,8,74862.0
11267,8,9464.5
11278,8,98332.5
11292,8,213736.0
11298,8,247641.5
11308,8,65.0
11372,8,32.0
11401,8,1886.0
11421,8,63.0
11423,8,7169.0
11433,8,151688.0
11447,8,243.0
11470,8,0.0
11481,8,5608.5
11484,8,25.0
11492,8,42.0
11534,8,162.0
11540,8,8578.5
11550,8,8.0
11555,8,1.0
11577,8,1279.5
11587,8,0.0
11603,8,2356.5
11615,8,130.0
11618,8,126243.0
11630,8,1794.0
11637,8,3785.0
11638,8,3740.0
11648,8,5407.5
11651,8,56554.0
11654,8,656.0
11684,8,241.0
11695,8,67.5
11697,8,124737.5
11711,8,0.0
11731,8,1678.0
11762,8,0.0
11775,8,2189.0
11823,8,2890.0
11827,8,8.0
11834,8,8.0
11868,8,6289.5
11874,8,17587.0
11884,8,11409.0
11907,8,47.0
11921,8,3362.0
11952,8,16.0
11973,8,1417.5
11977,8,4911.0
11986,8,14473.5
11995,8,6048.5
11996,8,22251.0
12003,8,3658.5
12010,8,13747.0
12016,8,1126.0
12018,8,0.0
12028,8,10.0
12115,8,3344.0
12127,8,28.0
12143,8,101428.0
12156,8,1980.0
12169,8,9.0
12171,8,22.0
12173,8,41346.5
12175,8,957.0
12177,8,2189.0
12191,8,52101.5
12197,8,7832.5
12206,8,87.0
12207,8,340.0
12217,8,3411.0
12250,8,1219.0
12252,8,1.0
12253,8,106.0
12264,8,82399.5
12265,8,8.0
12266,8,128218.0
12277,8,31315.0
12278,8,3376.0
12280,8,1608.0
12323,8,7308.0
12339,8,32216.0
12348,8,3.0
12389,8,3413.0
12397,8,3402.0
12402,8,17670.0
12441,8,10355.0
12448,8,5295.5
12451,8,23511.5
12455,8,6.0
12478,8,281427.5
12523,8,165.5
12633,8,16.5
12728,8,86.0
12758,8,4116.5
12819,8,7285.5
12844,8,203.0
12884,8,2089.0
12889,8,86324.5
12892,8,300820.5
12895,8,7.0
12896,8,823.0
12900,8,7.0
12917,8,0.0
12945,8,6020.0
12951,8,107.0
12953,8,130706.0
12954,8,19608.5
12972,8,95554.0
12982,8,8255.5
12987,8,4.0
12990,8,5066.0
13002,8,58.0
13024,8,0.0
13061,8,963.0
13076,8,3826.0
13094,8,8.0
13095,8,839.0
13111,8,21.0
13121,8,152.0
13127,8,1999.5
13158,8,9867.0
13180,8,2715.0
13194,8,529.0
13198,8,30927.5
13204,8,123921.0
13211,8,421.0
13230,8,4692.5
13232,8,111057.5
13243,8,22927.0
13244,8,15880.5
13252,8,52076.5
13256,8,1533.0
13264,8,4193.5
13277,8,445.5
13289,8,1602.5
13295,8,0.0
13296,8,6719.5
13303,8,127781.5
13306,8,0.0
13342,8,30305.0
13370,8,12046.0
13418,8,60.0
13433,8,3248.0
13461,8,8.0
13476,8,0.0
13485,8,9208.0
13486,8,6397.5
13487,8,169570.0
13495,8,69912.5
13514,8,3275.5
13518,8,6317.0
13540,8,0.0
13560,8,13455.0
13577,8,16122.5
13594,8,2239.0
13602,8,5756.5
13604,8,18.0
13605,8,237.5
13625,8,7.0
13628,8,1.0
13767,8,1.5
13768,8,114.0
13770,8,107.0
13796,8,71557.5
13806,8,205.0
13830,8,42616.5
13832,8,561.0
13851,8,16371.5
13862,8,302.0
13871,8,13661.5
13873,8,0.0
13891,8,23703.0
13898,8,2.0
13930,8,249663.0
13931,8,4795.0
13933,8,4.0
13943,8,5115.0
13964,8,0.0
13983,8,552.0
14012,8,6147.0
14022,8,35.0
14025,8,1362.0
14027,8,7126.5
14057,8,86510.5
14066,8,8283.0
14082,8,13561.0
14092,8,5137.0
14100,8,128746.0
14107,8,121741.0
14108,8,1919.0
14112,8,1509.5
14122,8,47244.0
14131,8,104.0
14153,8,2495.5
14166,8,2.0
14193,8,1445.5
14207,8,2.0
14210,8,146.0
14228,8,4322.0
14231,8,37.0
14239,8,5297.0
14252,8,1986.0
14256,8,121.0
14262,8,5710.0
14275,8,9.0
14286,8,42214.0
14293,8,23166.5
14307,8,14035.5
14309,8,2464.5
14321,8,3380.0
14457,8,2017.0
14467,8,0.0
14489,8,2182.5
14492,8,39206.5
14512,8,138.0
14524,8,23884.5
14570,8,21284.0
14576,8,15405.5
14635,8,25849.0
14648,8,536.0
14677,8,8571.5
14679,8,64480.5
14683,8,41591.5
14685,8,17075.0
14689,8,23.0
14692,8,574.0
14696,8,1860.5
14698,8,43.5
14704,8,3482.0
14711,8,1699.0
14712,8,5.0
14717,8,8098.5
14730,8,8140.0
14739,8,9257.5
14747,8,146456.0
14761,8,3337.0
14771,8,245048.0
14783,8,1355.0
14794,8,84.0
14802,8,11.0
14814,8,2493.0
14828,8,1895.5
14831,8,40482.5
14832,8,12402.0
14838,8,12607.0
14842,8,3229.0
14843,8,20519.0
14869,8,73684.0
14871,8,0.0
14886,8,0.0
14893,8,37535.0
14908,8,27235.0
14952,8,307.0
14955,8,10445.0
14960,8,2901.0
14986,8,6885.5
15008,8,156.0
15013,8,340.0
15016,8,65601.5
15023,8,2192.0
15024,8,5145.5
15027,8,1168.0
15084,8,5799.0
15092,8,7226.0
15096,8,12705.5
15167,8,35.0
15249,8,73.0
15257,8,35.0
15277,8,2981.0
15282,8,54.0
15293,8,0.0
15295,8,175.5
15304,8,52403.0
15306,8,19646.0
15323,8,1283.0
15356,8,2995.0
15370,8,8421.5
15374,8,268.0
15376,8,9665.5
15380,8,446.0
15389,8,3347.0
15412,8,1767.0
15478,8,20.5
15595,8,31779.0
15607,8,3855.0
15624,8,3605.5
15628,8,70.0
15721,8,154.0
15785,8,215.0
15794,8,95.0
15919,8,4271.5
16042,8,3556.5
16085,8,2058.0
16091,8,0.0
16101,8,2610.5
16115,8,3142.0
16128,8,0.0
16149,8,3005.5
16163,8,2333.0
16178,8,81.0
16217,8,30741.5
16229,8,38202.0
16257,8,2461.0
16271,8,46178.5
16321,8,11871.5
16477,8,35.0
10135,9,4108.5
10136,9,2138.5
10139,9,0.0
10140,9,19641.5
10141,9,157.0
10146,9,1539.0
10150,9,3522.0
10154,9,4681.5
10155,9,249.5
10157,9,0.0
10170,9,508.0
10185,9,0.0
10194,9,0.0
10208,9,116.0
10245,9,17.0
10257,9,7735.0
10268,9,111.0
10275,9,3518.0
10279,9,150.0
10292,9,9496.5
10299,9,41030.5
10304,9,0.0
10313,9,52.0
10325,9,9.0
10327,9,11.5
10357,9,20286.0
10372,9,15.5
10394,9,11580.5
10397,9,366341.0
10405,9,16.0
10408,9,440.5
10416,9,178.0
10423,9,35838.5
10431,9,4206.0
10434,9,3458.0
10465,9,11.0
10466,9,16376.0
10469,9,839.0
10482,9,1463.0
10517,9,7775.0
10529,9,18736.5
10540,9,5.0
10551,9,433.0
10559,9,63.5
10568,9,2172.0
10577,9,3404.0
10581,9,1267.0
10599,9,3938.5
10620,9,9610.5
10666,9,6152.5
10676,9,3569.0
10685,9,3190.0
10693,9,55084.5
10711,9,2425.5
10713,9,16095.5
10716,9,7107.0
10721,9,45297.0
10732,9,3865.0
10744,9,375.0
10747,9,1192.0
10750,9,2.0
10752,9,13294.0
10754,9,1586.5
10781,9,6761.5
10785,9,8289.0
10792,9,10674.5
10821,9,28435.5
10846,9,56.0
10849,9,8298.0
10868,9,12168.5
10874,9,2981.5
10917,9,0.0
10918,9,308.0
10920,9,14994.5
10926,9,267.0
10930,9,722.0
10950,9,0.0
10967,9,262.0
10970,9,0.0
10971,9,0.0
10980,9,1653.0
10990,9,2984.5
10994,9,13590.0
11003,9,2037.0
11032,9,10256.0
11042,9,33626.5
11049,9,2423.0
11057,9,135976.0
11066,9,10143.0
11067,9,179.5
11092,9,1609.0
11097,9,1421.0
11109,9,6281.0
11111,9,995.0
11118,9,21745.0
11146,9,1808.0
11185,9,0.0
11193,9,25388.5
11230,9,1.0
11259,9,40882.5
11267,9,2792.0
11278,9,65724.0
11290,9,14052.0
11292,9,183915.5
11295,9,5.0
11298,9,178408.5
11336,9,51.5
11413,9,4412.0
11421,9,28.5
11423,9,13000.5
11433,9,79769.0
11445,9,60.0
11455,9,22097.0
11479,9,113.0
11481,9,7687.5
11519,9,381.0
11535,9,34.0
11537,9,1098.0
11540,9,7495.0
11550,9,64.0
11555,9,0.0
11603,9,5055.5
11612,9,3520.0
11617,9,21.0
11618,9,156905.5
11624,9,5678.5
11625,9,18033.0
11630,9,3545.0
11638,9,762.0
11641,9,4019.5
11648,9,11218.5
11695,9,5094.0
11697,9,80305.0
11711,9,6.0
11719,9,26.0
11720,9,0.0
11721,9,3860.0
11760,9,12516.5
11775,9,5955.5
11790,9,2.0
11823,9,2701.0
11844,9,78.5
11867,9,1748.0
11874,9,9297.0
11884,9,8894.5
11898,9,4632.0
11905,9,299.0
11907,9,1134.0
11953,9,5772.0
11973,9,3700.0
11977,9,3439.0
11980,9,0.0
11986,9,19316.5
11995,9,5474.0
11996,9,2839.0
12003,9,1854.0
12007,9,140.0
12073,9,472.0
12115,9,0.0
12119,9,156.5
12127,9,189.0
12143,9,0.0
12173,9,90648.5
12184,9,0.0
12191,9,61449.5
12197,9,6955.0
12217,9,1525.5
12223,9,0.0
12264,9,58743.5
12266,9,100628.0
12268,9,19.0
12277,9,12879.0
12278,9,5179.5
12323,9,3632.0
12335,9,0.0
12339,9,25283.5
12365,9,967.5
12391,9,2807.0
12402,9,37001.0
12436,9,0.0
12441,9,3708.5
12448,9,8451.0
12451,9,7269.5
12478,9,155036.0
12492,9,0.0
12523,9,1015.0
12651,9,4.0
12676,9,0.0
12693,9,6953.0
12699,9,1245.0
12704,9,242.0
12758,9,9860.0
12769,9,190.5
12779,9,48.5
12822,9,127.0
12855,9,112.0
12889,9,163570.0
12891,9,64.0
12892,9,256222.0
12896,9,69.0
12915,9,619.0
12917,9,1267.0
12945,9,7275.5
12951,9,1419.0
12953,9,82035.0
12954,9,13653.5
12972,9,30497.0
12982,9,19870.0
12992,9,2088.5
13002,9,574.5
13032,9,358.0
13043,9,3426.0
13061,9,0.0
13139,9,2707.0
13156,9,11412.0
13158,9,9480.5
13165,9,698.0
13180,9,1982.5
13198,9,50050.5
13204,9,149094.5
13230,9,6858.5
13232,9,78653.0
13244,9,26534.5
13252,9,16990.0
13256,9,3201.5
13264,9,6099.5
13269,9,1625.5
13295,9,0.0
13296,9,2554.0
13303,9,78860.5
13342,9,24604.0
13360,9,3352.0
13367,9,3803.5
13369,9,3.0
13472,9,4.0
13485,9,6650.0
13486,9,11999.0
13487,9,102668.0
13495,9,60817.5
13541,9,1419.0
13560,9,11275.0
13577,9,1208.5
13605,9,5404.5
13744,9,59920.5
13785,9,0.0
13796,9,36427.0
13830,9,57494.0
13851,9,22334.5
13871,9,18023.5
13891,9,6779.0
13930,9,266666.0
13931,9,7627.5
13933,9,1375.0
13943,9,4423.0
14012,9,443.5
14025,9,1275.0
14027,9,24229.5
14030,9,0.0
14057,9,49098.0
14066,9,5887.0
14081,9,2569.0
14082,9,1107.5
14098,9,1673.5
14100,9,68466.0
14107,9,105922.0
14108,9,2764.5
14112,9,3067.0
14120,9,0.0
14122,9,26071.5
14150,9,0.0
14153,9,2896.0
14193,9,2817.0
14210,9,3517.0
14228,9,4930.0
14231,9,0.0
14236,9,0.0
14237,9,723.0
14252,9,1104.0
14259,9,468.0
14262,9,3528.5
14288,9,114.0
14307,9,16288.5
14309,9,6998.5
14312,9,2982.5
14314,9,1473.5
14321,9,2817.5
14451,9,634.0
14457,9,8395.5
14470,9,590.0
14489,9,1145.0
14492,9,47262.5
14512,9,2945.0
14524,9,16050.0
14553,9,53.0
14570,9,19701.5
14574,9,3071.0
14576,9,4376.0
14633,9,280.5
14635,9,20496.0
14677,9,2118.0
14679,9,102361.0
14681,9,3714.0
14683,9,24014.0
14685,9,4234.0
14689,9,3700.5
14691,9,0.0
14692,9,10.0
14698,9,2867.0
14704,9,2052.0
14709,9,1346.5
14716,9,2080.0
14717,9,2494.5
14718,9,139.0
14730,9,16468.5
14739,9,16275.0
14745,9,791.0
14747,9,129448.0
14761,9,13204.0
14771,9,181286.0
14783,9,3202.0
14794,9,5052.0
14802,9,296.0
14804,9,0.0
14805,9,0.0
14814,9,591.0
14816,9,5.0
14831,9,55338.0
14838,9,7679.0
14842,9,0.0
14843,9,32499.0
14856,9,146.0
14869,9,86185.0
14877,9,631.0
14884,9,0.0
14893,9,36989.0
14895,9,137.0
14897,9,29.0
14908,9,8530.5
14955,9,39.0
14986,9,2724.0
15008,9,714.0
15013,9,3186.5
15016,9,39426.5
15022,9,6.0
15023,9,2916.0
15024,9,1680.0
15027,9,1143.0
15049,9,380.0
15070,9,2023.5
15084,9,127.0
15092,9,5394.0
15096,9,3835.0
15167,9,24.0
15249,9,13.0
15257,9,3.0
15282,9,105.0
15293,9,18.0
15295,9,136.0
15304,9,47155.5
15323,9,6442.5
15370,9,15473.0
15376,9,7772.0
15380,9,2083.5
15385,9,19.0
15412,9,6245.0
15448,9,5.0
15454,9,541.5
15532,9,344.0
15595,9,23292.0
15618,9,97.0
15624,9,1177.0
15628,9,243.0
15779,9,0.0
15841,9,4730.0
15861,9,307.0
15862,9,100.0
15887,9,182.0
15919,9,3858.5
16042,9,6122.5
16120,9,1.0
16149,9,2091.0
16163,9,2372.0
16217,9,2846.0
16229,9,18991.5
16232,9,749.0
16242,9,3229.5
16257,9,6717.0
16271,9,34585.0
16353,9,7.0
16823,9,7.0
10135,10,561.5
10136,10,3056.5
10140,10,29646.5
10154,10,1244.0
10162,10,13309.0
10170,10,348.0
10185,10,77.0
10194,10,302.0
10204,10,217.0
10208,10,11161.0
10210,10,29.0
10221,10,283.0
10241,10,149.0
10257,10,8769.5
10268,10,1182.0
10292,10,49845.5
10299,10,18118.0
10304,10,285.0
10361,10,965.0
10372,10,324.5
10397,10,362138.0
10405,10,18.0
10408,10,2545.5
10411,10,9794.0
10416,10,133.0
10423,10,52438.0
10431,10,5081.0
10434,10,4238.0
10466,10,6144.0
10469,10,109.0
10486,10,2849.0
10517,10,1299.5
10521,10,11609.5
10529,10,23948.5
10540,10,24.0
10542,10,3734.0
10551,10,580.0
10559,10,0.0
10561,10,3125.5
10581,10,3113.5
10590,10,4037.0
10599,10,13138.5
10613,10,5.0
10620,10,6973.0
10627,10,1739.5
10638,10,2970.0
10643,10,1440.0
10647,10,1108.0
10654,10,0.0
10666,10,10037.0
10676,10,2428.0
10685,10,5391.0
10693,10,51905.5
10711,10,5157.0
10713,10,17823.5
10721,10,98931.5
10728,10,1061.0
10731,10,50.0
10732,10,1262.5
10752,10,7762.5
10758,10,4271.0
10775,10,19.0
10781,10,407.5
10785,10,9144.0
10792,10,4808.0
10800,10,6008.0
10821,10,85459.5
10846,10,1673.0
10849,10,8909.0
10868,10,869.5
10874,10,1058.0
10878,10,2770.0
10920,10,23650.0
10925,10,346.0
10926,10,679.0
10938,10,12.0
10961,10,2.0
10967,10,964.0
10970,10,635.5
10971,10,0.0
10980,10,556.0
10990,10,2285.0
10994,10,12467.5
11003,10,1892.5
11007,10,2.0
11013,10,942.0
11027,10,783.0
11032,10,16003.0
11042,10,16935.0
11049,10,4975.0
11052,10,3382.5
11057,10,192942.5
11066,10,31006.5
11067,10,112.0
11075,10,1845.0
11076,10,0.0
11085,10,240.0
11109,10,1893.0
11122,10,0.0
11126,10,59.0
11140,10,539.0
11146,10,3252.0
11150,10,4601.0
11193,10,30039.0
11203,10,1864.0
11214,10,183.0
11259,10,42022.5
11267,10,5256.5
11278,10,90321.0
11292,10,223950.5
11298,10,198587.0
11336,10,192.0
11413,10,397.0
11423,10,12432.5
11433,10,121137.5
11435,10,2745.0
11444,10,14666.0
11481,10,1623.0
11488,10,3933.0
11537,10,443.0
11540,10,15251.0
11545,10,16.0
11550,10,0.0
11555,10,0.0
11577,10,2550.0
11603,10,431.5
11612,10,3057.0
11617,10,1061.0
11618,10,137251.0
11625,10,7066.0
11630,10,9487.0
11637,10,299.0
11638,10,6454.5
11648,10,2339.5
11651,10,7000.0
11671,10,768.0
11697,10,139563.5
11711,10,0.0
11721,10,1443.5
11731,10,332.0
11760,10,67176.0
11762,10,0.0
11775,10,6320.0
11823,10,2124.0
11833,10,496.0
11844,10,421.0
11874,10,11022.5
11884,10,10427.5
11888,10,1830.0
11898,10,663.5
11907,10,805.0
11915,10,3115.0
11966,10,1.0
11973,10,1051.0
11977,10,1758.0
11980,10,2589.0
11986,10,11338.0
11988,10,9764.5
11995,10,20046.5
11996,10,7140.5
12003,10,1655.5
12010,10,4960.0
12016,10,12028.0
12018,10,0.0
12026,10,97.0
12055,10,0.0
12073,10,6579.0
12101,10,7284.0
12119,10,177.0
12129,10,772.5
12143,10,0.0
12149,10,153.5
12156,10,1027.0
12164,10,1538.0
12171,10,13.0
12173,10,58566.5
12175,10,309.5
12191,10,32888.5
12197,10,3613.5
12214,10,196.0
12217,10,858.5
12244,10,2527.5
12250,10,492.0
12253,10,22.0
12263,10,0.0
12264,10,68992.0
12265,10,2426.0
12266,10,129741.5
12277,10,8246.0
12278,10,6434.5
12280,10,2110.5
12321,10,70.0
12323,10,2749.5
12339,10,36108.5
12363,10,587.0
12365,10,28.0
12389,10,50.0
12391,10,6476.5
12397,10,48.0
12441,10,539.0
12448,10,202.0
12451,10,15253.5
12478,10,203626.0
12492,10,0.0
12523,10,563.5
12544,10,1446.5
12574,10,74.0
12610,10,145.0
12633,10,3.0
12651,10,341.0
12653,10,42.0
12693,10,2462.5
12699,10,1309.5
12758,10,5661.0
12779,10,203.5
12807,10,68.5
12815,10,31.0
12855,10,209.0
12857,10,1.0
12868,10,15.0
12878,10,0.0
12884,10,2273.0
12888,10,1611.0
12889,10,113966.5
12892,10,294906.0
12896,10,11085.0
12898,10,397.0
12917,10,143.0
12945,10,8838.5
12953,10,70926.0
12954,10,6132.0
12972,10,22683.0
12982,10,6967.5
12986,10,9618.5
12990,10,4273.0
12991,10,488.0
12992,10,3232.5
13002,10,492.5
13029,10,1181.5
13032,10,390.0
13034,10,0.0
13061,10,218.0
13105,10,2938.0
13113,10,0.0
13139,10,2872.5
13156,10,78970.0
13158,10,1457.0
13180,10,13954.0
13198,10,17314.0
13204,10,101730.0
13211,10,524.0
13230,10,13902.0
13232,10,56370.0
13244,10,16724.5
13252,10,25303.5
13256,10,6142.5
13264,10,5046.5
13277,10,4472.0
13289,10,346.0
13290,10,1755.5
13296,10,3226.5
13303,10,139954.5
13306,10,943.5
13342,10,33732.0
13347,10,6.0
13348,10,298.0
13369,10,80.0
13377,10,1948.5
13398,10,455.0
13422,10,4734.5
13434,10,1.0
13476,10,311.0
13486,10,909.5
13487,10,176693.5
13495,10,32253.0
13518,10,82703.5
13541,10,260.0
13560,10,1591.0
13577,10,18235.0
13594,10,1431.0
13605,10,2339.0
13676,10,0.0
13710,10,54.5
13744,10,5023.0
13768,10,16.0
13796,10,45077.0
13829,10,330.0
13851,10,6355.5
13871,10,16836.0
13873,10,441.0
13891,10,10768.0
13930,10,337668.5
13931,10,6603.0
13933,10,1680.0
13943,10,4920.0
13964,10,0.0
13970,10,2261.0
13983,10,471.0
13987,10,8.0
14004,10,0.0
14012,10,2564.0
14025,10,1423.0
14027,10,17215.5
14050,10,441.0
14057,10,59341.5
14098,10,111.0
14100,10,111071.0
14107,10,106998.5
14108,10,4791.5
14109,10,328.0
14112,10,1520.5
14122,10,27274.5
14130,10,13.0
14153,10,2572.0
14182,10,5.0
14193,10,3367.5
14197,10,334.0
14210,10,2382.0
14222,10,796.0
14228,10,7080.5
14231,10,0.0
14234,10,4.0
14239,10,4069.0
14252,10,1453.5
14254,10,2042.0
14256,10,2102.0
14259,10,0.5
14262,10,8466.0
14282,10,33.0
14286,10,19979.0
14293,10,1327.0
14303,10,5567.5
14307,10,21362.5
14309,10,10180.0
14312,10,2859.0
14321,10,18154.0
14332,10,4.0
14451,10,403.0
14457,10,333.5
14467,10,0.0
14474,10,41.5
14487,10,2086.0
14489,10,1568.5
14492,10,46451.5
14493,10,6.5
14512,10,134.0
14524,10,19300.5
14534,10,362.0
14539,10,6.0
14559,10,18.0
14570,10,12944.5
14574,10,2987.0
14576,10,13243.0
14582,10,449.0
14583,10,611.0
14588,10,240.0
14627,10,0.0
14633,10,1951.0
14635,10,25943.5
14637,10,439.0
14679,10,51662.5
14681,10,3283.5
14683,10,33490.5
14685,10,11880.0
14689,10,6303.0
14692,10,13.0
14696,10,1762.0
14709,10,3.0
14711,10,1998.0
14730,10,18338.0
14739,10,6866.5
14747,10,138419.5
14751,10,4.0
14761,10,5914.0
14771,10,219025.0
14783,10,5883.0
14802,10,819.0
14812,10,580.0
14814,10,729.0
14816,10,0.0
14824,10,4060.0
14828,10,1506.0
14831,10,31526.5
14832,10,3973.5
14838,10,2888.0
14842,10,442.5
14843,10,19158.0
14849,10,156.0
14869,10,58782.5
14875,10,34.0
14893,10,31051.0
14908,10,47402.0
14918,10,13.0
14943,10,342.0
14952,10,4408.0
14955,10,2542.0
14986,10,3877.0
15013,10,1367.0
15016,10,36747.5
15018,10,3.0
15022,10,1.0
15023,10,3854.5
15024,10,224.5
15027,10,531.0
15041,10,1.0
15058,10,0.0
15070,10,1376.0
15074,10,628.0
15081,10,6.0
15085,10,0.0
15096,10,16012.5
15144,10,21.0
15167,10,41.5
15246,10,1.0
15249,10,7931.5
15257,10,118.0
15282,10,34.0
15295,10,1774.0
15304,10,65051.0
15306,10,12433.0
15356,10,2766.5
15370,10,7970.0
15376,10,15353.5
15380,10,3145.0
15381,10,472.0
15389,10,3505.0
15412,10,12052.5
15497,10,37.0
15595,10,26285.0
15624,10,1755.0
15626,10,51.0
15841,10,1869.0
15855,10,2.0
15862,10,34.0
15919,10,7046.5
15991,10,398.0
16042,10,1828.0
16083,10,3.0
16091,10,83.5
16101,10,19.0
16115,10,3012.0
16149,10,1371.0
16156,10,130.0
16163,10,0.0
16217,10,25103.0
16229,10,10519.5
16232,10,1307.0
16233,10,82.0
16252,10,0.0
16257,10,34767.5
16263,10,1446.0
16271,10,64114.0
16290,10,2.0
16293,10,143.0
16311,10,18.0
16321,10,193.0
16337,10,14.0
16525,10,3.0
16777,10,6.0
10135,11,3782.0
10136,11,3412.0
10140,11,32743.0
10148,11,180.0
10154,11,334.5
10158,11,369.0
10171,11,0.0
10194,11,0.0
10208,11,162.0
10225,11,27.0
10241,11,187.0
10247,11,4.0
10257,11,6966.0
10292,11,25254.0
10299,11,39712.0
10333,11,0.0
10361,11,1722.0
10397,11,279874.5
10408,11,1253.5
10415,11,20461.0
10423,11,41243.0
10431,11,5703.5
10434,11,3350.0
10444,11,148.0
10466,11,6718.5
10469,11,474.0
10529,11,29637.5
10559,11,375.0
10581,11,526.5
10599,11,4927.0
10620,11,4500.5
10627,11,3928.0
10631,11,0.0
10638,11,6136.0
10666,11,4850.5
10683,11,15.0
10685,11,2078.5
10693,11,33616.0
10696,11,7732.0
10713,11,12793.0
10721,11,96280.0
10732,11,270.0
10747,11,952.0
10752,11,4669.0
10781,11,5485.5
10785,11,1220.5
10792,11,8181.0
10800,11,26309.0
10819,11,462.0
10821,11,104746.5
10846,11,3306.0
10849,11,180.0
10868,11,109.0
10874,11,158.0
10911,11,9170.0
10918,11,136.0
10920,11,54114.0
10926,11,512.5
10980,11,8058.0
10982,11,221.0
10994,11,12196.5
11003,11,4513.0
11027,11,66.5
11032,11,35202.5
11042,11,20945.5
11049,11,219.0
11052,11,3819.0
11057,11,62962.0
11061,11,0.0
11066,11,15800.0
11067,11,2008.5
11097,11,1149.0
11109,11,8869.5
11150,11,161.0
11164,11,3249.0
11172,11,2168.5
11185,11,0.0
11193,11,22763.0
11203,11,2362.0
11215,11,110.0
11259,11,63382.0
11267,11,2061.0
11278,11,77569.5
11288,11,290.0
11292,11,179155.0
11298,11,181902.0
11423,11,1528.0
11433,11,82217.5
11455,11,102466.0
11481,11,6252.5
11519,11,74.0
11540,11,2703.0
11555,11,0.0
11577,11,2969.0
11603,11,5830.5
11612,11,1285.5
11618,11,118441.0
11624,11,1963.0
11625,11,5599.0
11637,11,1000.5
11648,11,978.0
11651,11,10146.0
11697,11,107003.0
11699,11,3515.0
11721,11,2576.0
11867,11,82.0
11874,11,15236.5
11884,11,1271.5
11888,11,1041.0
11915,11,5096.0
11921,11,1543.5
11924,11,2.0
11950,11,3267.0
11953,11,862.0
11973,11,6648.5
11986,11,16011.5
11995,11,1255.0
11996,11,1224.5
12003,11,547.5
12010,11,7913.0
12016,11,13868.5
12026,11,1266.0
12051,11,11554.0
12067,11,27.5
12073,11,0.0
12119,11,101.0
12143,11,4171.5
12156,11,931.0
12169,11,12256.0
12173,11,83801.5
12191,11,62609.5
12197,11,6676.5
12206,11,2616.5
12207,11,385.5
12217,11,4690.5
12239,11,0.0
12264,11,110073.5
12266,11,146363.0
12280,11,0.0
12323,11,7820.0
12339,11,25479.0
12375,11,524.0
12391,11,8878.0
12402,11,20925.5
12448,11,7005.0
12451,11,13016.5
12478,11,179071.5
12523,11,5303.0
12544,11,969.5
12651,11,35554.0
12693,11,16809.0
12699,11,1944.5
12758,11,9537.0
12769,11,117.0
12779,11,446.0
12807,11,212.5
12822,11,0.0
12868,11,3.0
12869,11,4.0
12878,11,96.5
12884,11,458.0
12889,11,123468.5
12892,11,216354.5
12896,11,1313.5
12917,11,3899.0
12945,11,3701.5
12953,11,101989.5
12954,11,6317.5
12957,11,0.0
12972,11,27314.0
12982,11,4295.5
12986,11,11945.5
12990,11,2895.0
12991,11,19954.0
12992,11,14627.0
13002,11,199.0
13029,11,935.0
13043,11,3209.0
13061,11,0.0
13109,11,90.0
13139,11,595.5
13156,11,4518.0
13158,11,4321.0
13162,11,1624.0
13169,11,3932.0
13180,11,4854.0
13184,11,1656.5
13198,11,29468.0
13204,11,210396.0
13230,11,1250.5
13232,11,82503.5
13241,11,3.0
13244,11,11860.0
13252,11,36280.0
13256,11,2163.0
13264,11,4748.0
13277,11,2989.0
13289,11,17.0
13290,11,2278.0
13296,11,7962.0
13303,11,145096.5
13341,11,6.0
13342,11,5750.5
13347,11,2090.0
13367,11,5560.0
13377,11,3.0
13408,11,1.0
13433,11,1831.0
13476,11,1307.5
13485,11,4702.5
13487,11,67320.0
13495,11,37124.0
13514,11,0.0
13541,11,0.0
13546,11,136.0
13560,11,5676.0
13564,11,0.0
13574,11,2.0
13577,11,7114.0
13587,11,0.0
13605,11,3993.0
13619,11,0.0
13667,11,2.0
13689,11,0.0
13700,11,0.0
13767,11,0.0
13795,11,144.0
13796,11,34086.5
13806,11,36.5
13830,11,19130.0
13851,11,20146.5
13862,11,279.0
13863,11,268.0
13871,11,24417.5
13873,11,65.0
13888,11,2.0
13890,11,0.0
13891,11,18898.5
13894,11,7.5
13898,11,0.0
13930,11,269688.5
13931,11,9682.5
13934,11,63.0
13943,11,2948.0
13964,11,0.0
13970,11,114.0
14004,11,5648.5
14012,11,6308.0
14027,11,13079.5
14057,11,86543.5
14082,11,9854.5
14100,11,115743.5
14102,11,69.0
14107,11,128706.5
14108,11,2634.0
14109,11,1176.0
14112,11,12742.0
14119,11,18.0
14120,11,841.5
14122,11,35037.0
14130,11,16.5
14153,11,5590.0
14167,11,1.0
14193,11,248.0
14207,11,3546.0
14210,11,4534.5
14231,11,0.0
14234,11,0.0
14252,11,1596.5
14259,11,2082.5
14262,11,12563.5
14273,11,36.0
14278,11,0.0
14282,11,4.0
14286,11,4962.0
14293,11,12206.0
14307,11,6695.5
14309,11,6587.0
14312,11,10209.0
14321,11,3949.5
14457,11,2211.0
14488,11,143.0
14489,11,2914.5
14492,11,71675.0
14512,11,2297.0
14524,11,9276.5
14570,11,5032.0
14574,11,3478.5
14576,11,10345.0
14588,11,0.0
14627,11,0.0
14635,11,30723.0
14677,11,5365.5
14679,11,78596.5
14681,11,0.0
14683,11,33762.5
14685,11,11475.0
14689,11,1014.5
14696,11,5286.5
14698,11,2027.0
14709,11,0.0
14711,11,54.0
14730,11,17564.5
14739,11,3719.0
14747,11,185511.0
14761,11,18563.5
14771,11,109568.0
14783,11,4268.5
14794,11,434.0
14802,11,1545.0
14814,11,540.5
14816,11,8.0
14831,11,52441.5
14832,11,23935.5
14838,11,5352.5
14843,11,16136.5
14849,11,3088.5
14869,11,67305.5
14877,11,0.0
14893,11,49416.0
14905,11,62.5
14908,11,28791.5
14952,11,85.5
14955,11,3466.5
14986,11,2829.0
15013,11,4074.0
15016,11,47266.5
15023,11,2180.5
15024,11,6051.0
15027,11,963.0
15041,11,68.0
15070,11,2407.0
15096,11,8902.0
15147,11,194.0
15167,11,32.0
15237,11,2080.0
15246,11,0.0
15293,11,33.0
15295,11,1173.0
15304,11,55367.5
15356,11,3580.5
15370,11,14698.0
15376,11,3999.5
15380,11,1588.0
15385,11,17.0
15411,11,301.5
15412,11,4367.0
15448,11,9.0
15513,11,3867.0
15554,11,304.0
15595,11,13719.0
15624,11,5900.5
15721,11,0.0
15798,11,6.0
15853,11,5.0
15919,11,1894.5
16042,11,2582.0
16101,11,0.0
16128,11,0.0
16133,11,20.0
16173,11,2484.0
16217,11,16499.0
16229,11,79804.0
16232,11,5305.0
16257,11,7683.0
16271,11,7341.5
16304,11,226.0
16306,11,131.0
16477,11,0.0
10135,12,1137.0
10140,12,7753.0
10146,12,3280.0
10157,12,1194.0
10184,12,180.0
10185,12,2777.0
10194,12,0.0
10208,12,1002.0
10244,12,22643.0
10247,12,222.0
10257,12,3313.5
10279,12,1431.0
10292,12,1.0
10299,12,7390.0
10312,12,2930.0
10349,12,140.0
10371,12,17.0
10372,12,2424.5
10394,12,6985.0
10397,12,240521.0
10408,12,395.5
10411,12,2789.5
10423,12,45211.0
10431,12,9396.0
10434,12,3582.0
10466,12,1428.0
10470,12,8.0
10519,12,23.5
10521,12,3475.5
10529,12,11704.0
10540,12,118.5
10551,12,50.5
10559,12,10.5
10561,12,1776.0
10562,12,95.0
10581,12,630.0
10599,12,13208.0
10620,12,2796.5
10621,12,46.0
10627,12,4818.0
10631,12,157.0
10654,12,839.0
10666,12,102.0
10683,12,34.0
10693,12,54520.5
10711,12,0.0
10713,12,8493.5
10721,12,112169.5
10732,12,265.0
10739,12,1431.0
10752,12,654.0
10781,12,9147.0
10785,12,1867.5
10792,12,10452.0
10800,12,7153.0
10819,12,29.0
10821,12,65549.0
10846,12,2523.0
10849,12,2601.5
10868,12,2330.0
10874,12,765.0
10911,12,0.0
10916,12,4.0
10920,12,22900.0
10930,12,331.0
10949,12,4.0
10971,12,0.0
10980,12,6968.0
10994,12,9721.5
11003,12,1078.5
11032,12,31103.0
11036,12,5.0
11042,12,27290.0
11057,12,125341.5
11066,12,9787.0
11067,12,1505.0
11076,12,1713.0
11092,12,827.0
11109,12,11129.0
11122,12,0.0
11126,12,0.0
11140,12,12109.0
11164,12,1623.0
11187,12,0.0
11193,12,8864.5
11223,12,59.0
11227,12,0.0
11244,12,2074.5
11245,12,2.0
11252,12,10869.0
11259,12,34011.0
11267,12,2248.0
11278,12,45157.5
11292,12,220224.5
11298,12,246506.0
11411,12,21.5
11413,12,1447.0
11423,12,3648.0
11433,12,98869.5
11445,12,200.0
11492,12,85.5
11503,12,2.5
11511,12,13.0
11512,12,3.0
11519,12,1678.0
11535,12,0.0
11537,12,1598.5
11540,12,7632.0
11548,12,0.0
11550,12,4.0
11588,12,150.0
11603,12,7427.5
11612,12,1125.5
11618,12,183960.0
11624,12,2062.5
11630,12,1788.0
11637,12,2653.0
11638,12,2968.5
11641,12,2522.0
11648,12,1440.0
11697,12,132063.5
11711,12,0.0
11731,12,3478.0
11760,12,76930.0
11762,12,0.0
11775,12,612.5
11823,12,506.0
11867,12,71.0
11868,12,831.5
11874,12,8567.0
11884,12,12837.5
11888,12,2922.5
11907,12,957.0
11915,12,10476.0
11921,12,2406.0
11953,12,1698.0
11973,12,3778.0
11977,12,3851.0
11980,12,385.5
11986,12,13194.0
11995,12,4389.5
11996,12,7679.5
12003,12,1060.5
12010,12,7502.0
12016,12,13961.5
12051,12,1642.0
12073,12,5396.0
12141,12,20.0
12143,12,0.0
12173,12,69739.0
12184,12,422.0
12191,12,19254.0
12197,12,7302.5
12206,12,2544.0
12211,12,2.0
12217,12,7040.0
12223,12,103.5
12239,12,617.0
12250,12,0.0
12253,12,11.0
12263,12,0.0
12264,12,83924.0
12265,12,1002.0
12266,12,102409.0
12277,12,0.0
12278,12,1084.0
12306,12,3.0
12323,12,2010.0
12335,12,882.0
12339,12,22497.5
12363,12,292.5
12365,12,0.0
12389,12,3628.0
12391,12,7002.0
12397,12,1733.5
12402,12,0.0
12436,12,0.0
12441,12,426.5
12448,12,1777.0
12451,12,17932.5
12478,12,234671.0
12523,12,4361.5
12553,12,34.0
12576,12,11.0
12583,12,0.0
12598,12,4.0
12633,12,5.0
12693,12,4997.0
12704,12,50.0
12708,12,135.5
12709,12,199.0
12758,12,3673.5
12769,12,17.0
12773,12,4.0
12779,12,433.0
12807,12,0.0
12815,12,1.0
12844,12,166.0
12851,12,222.5
12853,12,244.0
12878,12,3.0
12889,12,113286.0
12891,12,2142.0
12892,12,258749.5
12896,12,870.0
12898,12,46.0
12899,12,0.0
12900,12,2.0
12917,12,2294.5
12945,12,3429.5
12953,12,92894.5
12954,12,24107.5
12956,12,0.0
12966,12,14296.0
12972,12,55593.0
12982,12,8823.5
12990,12,1740.5
12992,12,4266.0
13024,12,0.0
13029,12,206.0
13061,12,2437.5
13068,12,806.0
13094,12,10.0
13095,12,934.0
13105,12,8.0
13109,12,31.0
13127,12,0.0
13156,12,7140.0
13165,12,21059.0
13169,12,0.0
13184,12,841.5
13198,12,25782.0
13203,12,1292.0
13204,12,176676.5
13230,12,4117.5
13232,12,70648.0
13241,12,1052.0
13244,12,23912.0
13252,12,61135.5
13256,12,1519.5
13264,12,5383.0
13269,12,0.0
13277,12,2481.0
13295,12,0.0
13296,12,2942.5
13303,12,114182.0
13306,12,0.0
13342,12,28861.5
13347,12,1731.5
13348,12,189.0
13360,12,43.5
13367,12,1901.5
13370,12,3772.0
13377,12,5115.0
13422,12,3809.5
13439,12,163.0
13459,12,95.0
13461,12,21.0
13467,12,117.5
13485,12,4623.0
13486,12,212.5
13487,12,92367.5
13495,12,48165.5
13501,12,0.0
13514,12,3513.5
13518,12,56461.0
13546,12,0.0
13560,12,0.0
13587,12,0.0
13605,12,10357.0
13618,12,0.0
13667,12,0.0
13694,12,0.0
13744,12,44162.5
13785,12,0.0
13796,12,61263.5
13829,12,998.0
13832,12,710.0
13851,12,12052.0
13871,12,4013.5
13891,12,28265.0
13898,12,1.0
13930,12,166321.5
13931,12,7115.0
13964,12,0.0
14012,12,9393.0
14025,12,1977.5
14027,12,27452.5
14057,12,51678.5
14066,12,16653.0
14082,12,9052.0
14098,12,1161.0
14100,12,59005.0
14107,12,121567.0
14108,12,1123.0
14112,12,11128.5
14122,12,28413.0
14153,12,964.5
14193,12,10165.5
14207,12,741.0
14210,12,7067.0
14252,12,2300.0
14262,12,5815.0
14286,12,1488.0
14293,12,6799.0
14307,12,10034.5
14309,12,0.0
14312,12,7691.5
14314,12,530.0
14321,12,5825.5
14457,12,1193.5
14492,12,67648.0
14512,12,716.5
14524,12,18628.5
14570,12,20061.0
14576,12,3796.5
14633,12,2228.5
14635,12,13892.5
14637,12,436.5
14677,12,0.0
14679,12,47232.0
14681,12,554.0
14683,12,23327.0
14685,12,8139.0
14689,12,894.0
14691,12,0.0
14696,12,791.0
14711,12,2449.0
14730,12,8338.5
14739,12,9703.0
14747,12,161311.5
14761,12,12862.5
14771,12,115233.0
14783,12,4530.5
14794,12,2137.0
14814,12,92.0
14819,12,842.0
14831,12,53330.0
14832,12,10624.5
14838,12,14529.0
14842,12,613.0
14843,12,17148.5
14849,12,3185.5
14869,12,96511.0
14879,12,1281.0
14886,12,0.0
14893,12,44353.5
14895,12,171.5
14908,12,17920.5
14935,12,0.0
14952,12,2462.0
14955,12,625.5
14986,12,5373.5
15016,12,31468.0
15020,12,0.0
15024,12,1904.0
15027,12,3785.0
15049,12,98.0
15070,12,1444.5
15081,12,1.0
15096,12,2256.0
15113,12,910.5
15167,12,13.0
15236,12,2.0
15237,12,75.0
15245,12,60.0
15258,12,6935.0
15304,12,61756.0
15356,12,4378.0
15370,12,17495.0
15376,12,4093.5
15381,12,0.0
15385,12,16.0
15412,12,8634.5
15448,12,5.0
15455,12,5344.0
15478,12,160.0
15513,12,2480.0
15554,12,278.0
15607,12,3749.0
15618,12,0.0
15626,12,1102.5
15709,12,41.0
15721,12,48.0
15741,12,123.0
15794,12,110.5
15798,12,17.0
15842,12,0.0
15853,12,17.0
15861,12,277.0
15919,12,11295.0
16078,12,0.0
16091,12,0.0
16149,12,1909.5
16178,12,0.0
16217,12,3495.0
16229,12,18522.5
16233,12,386.0
16257,12,835.5
16271,12,8694.5
16304,12,456.0
16390,12,39.0
16477,12,0.0
16835,12,2.0
